	INSERT INTO Inv.Colors (ColorId, ColorName, CreatedBy, ColorSlug)
VALUES(NEWID(), 'AliceBlue',      1, LOWER('AliceBlue')),
(NEWID(), 'AntiqueWhite',   1, LOWER('AntiqueWhite')),
(NEWID(), 'Aqua',           1, LOWER('Aqua')),
(NEWID(), 'Aquamarine',     1, LOWER('Aquamarine')),
(NEWID(), 'Azure',          1, LOWER('Azure')),
(NEWID(), 'Beige',          1, LOWER('Beige')),
(NEWID(), 'Bisque',         1, LOWER('Bisque')),
(NEWID(), 'Black',          1, LOWER('Black')),
(NEWID(), 'BlanchedAlmond', 1, LOWER('BlanchedAlmond')),
(NEWID(), 'Blue',           1, LOWER('Blue')),
(NEWID(), 'BlueViolet',     1, LOWER('BlueViolet')),
(NEWID(), 'Brown',          1, LOWER('Brown')),
(NEWID(), 'BurlyWood',      1, LOWER('BurlyWood')),
(NEWID(), 'CadetBlue',      1, LOWER('CadetBlue')),
(NEWID(), 'Chartreuse',     1, LOWER('Chartreuse')),
(NEWID(), 'Chocolate',      1, LOWER('Chocolate')),
(NEWID(), 'Coral',          1, LOWER('Coral')),
(NEWID(), 'CornflowerBlue', 1, LOWER('CornflowerBlue')),
(NEWID(), 'Cornsilk',       1, LOWER('Cornsilk')),
(NEWID(), 'Crimson',        1, LOWER('Crimson')),
(NEWID(), 'Cyan',           1, LOWER('Cyan')),
(NEWID(), 'DarkBlue',       1, LOWER('DarkBlue')),
(NEWID(), 'DarkCyan',       1, LOWER('DarkCyan')),
(NEWID(), 'DarkGoldenRod',  1, LOWER('DarkGoldenRod')),
(NEWID(), 'DarkGray',       1, LOWER('DarkGray')),
(NEWID(), 'DarkGreen',      1, LOWER('DarkGreen')),
(NEWID(), 'DarkKhaki',      1, LOWER('DarkKhaki')),
(NEWID(), 'DarkMagenta',    1, LOWER('DarkMagenta')),
(NEWID(), 'DarkOliveGreen', 1, LOWER('DarkOliveGreen')),
(NEWID(), 'DarkOrange',     1, LOWER('DarkOrange')),
(NEWID(), 'DarkOrchid',     1, LOWER('DarkOrchid')),
(NEWID(), 'DarkRed',        1, LOWER('DarkRed')),
(NEWID(), 'DarkSalmon',     1, LOWER('DarkSalmon')),
(NEWID(), 'DarkSeaGreen',   1, LOWER('DarkSeaGreen')),
(NEWID(), 'DarkSlateBlue',  1, LOWER('DarkSlateBlue')),
(NEWID(), 'DarkSlateGray',  1, LOWER('DarkSlateGray')),
(NEWID(), 'DarkTurquoise',  1, LOWER('DarkTurquoise')),
(NEWID(), 'DarkViolet',     1, LOWER('DarkViolet')),
(NEWID(), 'DeepPink',       1, LOWER('DeepPink')),
(NEWID(), 'DeepSkyBlue',    1, LOWER('DeepSkyBlue')),
(NEWID(), 'DimGray',        1, LOWER('DimGray')),
(NEWID(), 'DodgerBlue',     1, LOWER('DodgerBlue')),
(NEWID(), 'FireBrick',      1, LOWER('FireBrick')),
(NEWID(), 'FloralWhite',    1, LOWER('FloralWhite')),
(NEWID(), 'ForestGreen',    1, LOWER('ForestGreen')),
(NEWID(), 'Fuchsia',        1, LOWER('Fuchsia')),
(NEWID(), 'Gainsboro',      1, LOWER('Gainsboro')),
(NEWID(), 'GhostWhite',     1, LOWER('GhostWhite')),
(NEWID(), 'Gold',           1, LOWER('Gold')),
(NEWID(), 'GoldenRod',      1, LOWER('GoldenRod')),
(NEWID(), 'Gray',           1, LOWER('Gray')),
(NEWID(), 'Green',          1, LOWER('Green')),
(NEWID(), 'GreenYellow',    1, LOWER('GreenYellow')),
(NEWID(), 'HoneyDew',       1, LOWER('HoneyDew')),
(NEWID(), 'HotPink',        1, LOWER('HotPink')),
(NEWID(), 'IndianRed',      1, LOWER('IndianRed')),
(NEWID(), 'Indigo',         1, LOWER('Indigo')),
(NEWID(), 'Ivory',          1, LOWER('Ivory')),
(NEWID(), 'Khaki',          1, LOWER('Khaki')),
(NEWID(), 'Lavender',       1, LOWER('Lavender')),
(NEWID(), 'LavenderBlush',  1, LOWER('LavenderBlush')),
(NEWID(), 'LawnGreen',      1, LOWER('LawnGreen')),
(NEWID(), 'LemonChiffon',   1, LOWER('LemonChiffon')),
(NEWID(), 'LightBlue',      1, LOWER('LightBlue')),
(NEWID(), 'LightCoral',     1, LOWER('LightCoral')),
(NEWID(), 'LightCyan',      1, LOWER('LightCyan')),
(NEWID(), 'LightGoldenRodYellow', 1, LOWER('LightGoldenRodYellow')),
(NEWID(), 'LightGray',      1, LOWER('LightGray')),
(NEWID(), 'LightGreen',     1, LOWER('LightGreen')),
(NEWID(), 'LightPink',      1, LOWER('LightPink')),
(NEWID(), 'LightSalmon',    1, LOWER('LightSalmon')),
(NEWID(), 'LightSeaGreen',  1, LOWER('LightSeaGreen')),
(NEWID(), 'LightSkyBlue',   1, LOWER('LightSkyBlue')),
(NEWID(), 'LightSlateGray', 1, LOWER('LightSlateGray')),
(NEWID(), 'LightSteelBlue', 1, LOWER('LightSteelBlue')),
(NEWID(), 'LightYellow',    1, LOWER('LightYellow')),
(NEWID(), 'Lime',           1, LOWER('Lime')),
(NEWID(), 'LimeGreen',      1, LOWER('LimeGreen')),
(NEWID(), 'Linen',          1, LOWER('Linen')),
(NEWID(), 'Magenta',        1, LOWER('Magenta')),
(NEWID(), 'Maroon',         1, LOWER('Maroon')),
(NEWID(), 'MediumAquaMarine',1, LOWER('MediumAquaMarine')),
(NEWID(), 'MediumBlue',     1, LOWER('MediumBlue')),
(NEWID(), 'MediumOrchid',   1, LOWER('MediumOrchid')),
(NEWID(), 'MediumPurple',   1, LOWER('MediumPurple')),
(NEWID(), 'MediumSeaGreen', 1, LOWER('MediumSeaGreen')),
(NEWID(), 'MediumSlateBlue',1, LOWER('MediumSlateBlue')),
(NEWID(), 'MediumSpringGreen',1, LOWER('MediumSpringGreen')),
(NEWID(), 'MediumTurquoise',1, LOWER('MediumTurquoise')),
(NEWID(), 'MediumVioletRed',1, LOWER('MediumVioletRed')),
(NEWID(), 'MidnightBlue',   1, LOWER('MidnightBlue')),
(NEWID(), 'MintCream',      1, LOWER('MintCream')),
(NEWID(), 'MistyRose',      1, LOWER('MistyRose')),
(NEWID(), 'Moccasin',       1, LOWER('Moccasin')),
(NEWID(), 'NavajoWhite',    1, LOWER('NavajoWhite')),
(NEWID(), 'Navy',           1, LOWER('Navy')),
(NEWID(), 'OldLace',        1, LOWER('OldLace')),
(NEWID(), 'Olive',          1, LOWER('Olive')),
(NEWID(), 'OliveDrab',      1, LOWER('OliveDrab')),
(NEWID(), 'Orange',         1, LOWER('Orange')),
(NEWID(), 'OrangeRed',      1, LOWER('OrangeRed')),
(NEWID(), 'Orchid',         1, LOWER('Orchid')),
(NEWID(), 'PaleGoldenRod',  1, LOWER('PaleGoldenRod')),
(NEWID(), 'PaleGreen',      1, LOWER('PaleGreen')),
(NEWID(), 'PaleTurquoise',  1, LOWER('PaleTurquoise')),
(NEWID(), 'PaleVioletRed',  1, LOWER('PaleVioletRed')),
(NEWID(), 'PapayaWhip',     1, LOWER('PapayaWhip')),
(NEWID(), 'PeachPuff',      1, LOWER('PeachPuff')),
(NEWID(), 'Peru',           1, LOWER('Peru')),
(NEWID(), 'Pink',           1, LOWER('Pink')),
(NEWID(), 'Plum',           1, LOWER('Plum')),
(NEWID(), 'PowderBlue',     1, LOWER('PowderBlue')),
(NEWID(), 'Purple',         1, LOWER('Purple')),
(NEWID(), 'RebeccaPurple',  1, LOWER('RebeccaPurple')),
(NEWID(), 'Red',            1, LOWER('Red')),
(NEWID(), 'RosyBrown',      1, LOWER('RosyBrown')),
(NEWID(), 'RoyalBlue',      1, LOWER('RoyalBlue')),
(NEWID(), 'SaddleBrown',    1, LOWER('SaddleBrown')),
(NEWID(), 'Salmon',         1, LOWER('Salmon')),
(NEWID(), 'SandyBrown',     1, LOWER('SandyBrown')),
(NEWID(), 'SeaGreen',       1, LOWER('SeaGreen')),
(NEWID(), 'SeaShell',       1, LOWER('SeaShell')),
(NEWID(), 'Sienna',         1, LOWER('Sienna')),
(NEWID(), 'Silver',         1, LOWER('Silver')),
(NEWID(), 'SkyBlue',        1, LOWER('SkyBlue')),
(NEWID(), 'SlateBlue',      1, LOWER('SlateBlue')),
(NEWID(), 'SlateGray',      1, LOWER('SlateGray')),
(NEWID(), 'Snow',           1, LOWER('Snow')),
(NEWID(), 'SpringGreen',    1, LOWER('SpringGreen')),
(NEWID(), 'SteelBlue',      1, LOWER('SteelBlue')),
(NEWID(), 'Tan',            1, LOWER('Tan')),
(NEWID(), 'Teal',           1, LOWER('Teal')),
(NEWID(), 'Thistle',        1, LOWER('Thistle')),
(NEWID(), 'Tomato',         1, LOWER('Tomato')),
(NEWID(), 'Turquoise',      1, LOWER('Turquoise')),
(NEWID(), 'Violet',         1, LOWER('Violet')),
(NEWID(), 'Wheat',          1, LOWER('Wheat')),
(NEWID(), 'White',          1, LOWER('White')),
(NEWID(), 'WhiteSmoke',     1, LOWER('WhiteSmoke')),
(NEWID(), 'Yellow',         1, LOWER('Yellow')),
(NEWID(), 'YellowGreen',    1, LOWER('YellowGreen'));


INSERT INTO Inv.Departments 
(DepartmentId, DepartmentName, CreatedOn, CreatedBy, ModifiedOn, IsActive) 
VALUES('7C93A1E3-9C7E-4E25-A4E2-9ABF5DBA14F7', 'Electronic Accessories', GETDATE(), 1, NULL, 1),
('4E29B83E-0F5B-4D59-8D0F-29EBC0F5D622', 'TV & Home Appliances', GETDATE(), 1, NULL, 1),
('69C59B68-5314-41FB-B2A0-105C1C537CF1', 'Health & Beauty', GETDATE(), 1, NULL, 1),
('0F1B46D0-6A56-4AE1-90BE-0B91A2F0F611', 'Mother & Baby', GETDATE(), 1, NULL, 1),
('51A0ED12-CCF3-4AC6-8C47-54C1B0623F2E', 'Electronic Devices', GETDATE(), 1, NULL, 1),
('DBB74346-0E78-4A16-9735-7E2EBBB89B42', 'Groceries & Pets', GETDATE(), 1, NULL, 1),
('8AA7CB6E-91B4-4FA5-8B2F-32F1A84AF17C', 'Home & Lifestyle', GETDATE(), 1, NULL, 1),
('363508E5-B3F6-4E9D-92AD-B20B6639E08D', 'Women''s Fashion', GETDATE(), 1, NULL, 1),
('4B71696C-79A8-44DF-82D4-FC5D53145E54', 'Men''s Fashion', GETDATE(), 1, NULL, 1),
('B1A2293E-983A-4C05-9393-2345F4E403A2', 'Watches, Bags & Jewellery', GETDATE(), 1, NULL, 1),
('7E84FBA7-5F16-45B0-B8FD-4DE1743A7D7C', 'Sports & Outdoor', GETDATE(), 1, NULL, 1),
('E247FAE0-3A0E-4EC8-893C-BF84E1BA7F86', 'Automotive & Motorbike', GETDATE(), 1, NULL, 1);


insert into inv.Categories(CategoryId,CategoryName,DepartmentId,CreatedOn,Createdby,IsActive,IsDeleted,CategorySlug) 
Values('0A9D7B9C-53B1-44A1-B5FA-7B2C8F58B67D','Mobile Accessories','7C93A1E3-9C7E-4E25-A4E2-9ABF5DBA14F7',GetDate(),1,1,0,'A'),
('6EFA0EAC-2049-4C34-8D7D-0B23F95E36A2','Camera Accessories','7C93A1E3-9C7E-4E25-A4E2-9ABF5DBA14F7',GetDate(),1,1,0,'A'),
('47BA0B7B-FAD0-46B7-AF5D-31F15346DF96','Wearable','7C93A1E3-9C7E-4E25-A4E2-9ABF5DBA14F7',GetDate(),1,1,0,'A'),
('02E48E61-2C8F-48C5-B8F1-6D93C479CEB4','Network Components','7C93A1E3-9C7E-4E25-A4E2-9ABF5DBA14F7',GetDate(),1,1,0,'A'),
('B08E3F88-DC9B-45BB-BC88-44A8F6A0C983','Computer Components','7C93A1E3-9C7E-4E25-A4E2-9ABF5DBA14F7',GetDate(),1,1,0,'A'),
('A938B30C-43A5-40C0-AD05-2F0566A18DAE','Headphones & Headsets','7C93A1E3-9C7E-4E25-A4E2-9ABF5DBA14F7',GetDate(),1,1,0,'A'),
('E08D8B1A-C49C-4B7C-AF16-E15E28D5F9B4','Printers','7C93A1E3-9C7E-4E25-A4E2-9ABF5DBA14F7',GetDate(),1,1,0,'A'),
('D02B3B18-9A93-4E7C-BB4A-0B2AB5D1AE1E','Storage','7C93A1E3-9C7E-4E25-A4E2-9ABF5DBA14F7',GetDate(),1,1,0,'A'),
('C3F25793-9886-4B94-B634-7F8A15A7B0E4','Portable Speakers','7C93A1E3-9C7E-4E25-A4E2-9ABF5DBA14F7',GetDate(),1,1,0,'A'),
('0EB493F0-013C-49FD-A98B-54F508E4A707','Gaming Accessories','7C93A1E3-9C7E-4E25-A4E2-9ABF5DBA14F7',GetDate(),1,1,0,'A'),
('9E63864C-3C05-4DB8-9A46-2CFEE0F8E6E5','Monitors & Accessories','7C93A1E3-9C7E-4E25-A4E2-9ABF5DBA14F7',GetDate(),1,1,0,'A'),
('DAA798F1-94B4-4E91-A48F-5B7C1F189921','Computer Accessories','7C93A1E3-9C7E-4E25-A4E2-9ABF5DBA14F7',GetDate(),1,1,0,'A'),
('0D5DF3EC-EA35-4A15-B1BC-59D9FA23437F','Air Conditioner','4E29B83E-0F5B-4D59-8D0F-29EBC0F5D622',GetDate(),1,1,0,'A'),
('255F78CE-BEE4-4E89-85D4-DA4A8324D19D','Washing Machine','4E29B83E-0F5B-4D59-8D0F-29EBC0F5D622',GetDate(),1,1,0,'A'),
('38AE66B1-FF5A-4DBB-93A5-3DB2E54AE479','Refrigerators & Freezers','4E29B83E-0F5B-4D59-8D0F-29EBC0F5D622',GetDate(),1,1,0,'A'),
('44E3535F-23B3-4A21-A35D-7A7922D2DA53','Cooling & Heating','4E29B83E-0F5B-4D59-8D0F-29EBC0F5D622',GetDate(),1,1,0,'A'),
('4B4E8E9E-C163-40F2-85F0-ED7097CEB47B','Irons & Garment Care','4E29B83E-0F5B-4D59-8D0F-29EBC0F5D622',GetDate(),1,1,0,'A'),
('53D96759-8EB5-4594-9140-E66F1701C99A','Vacuums & Floor Care','4E29B83E-0F5B-4D59-8D0F-29EBC0F5D622',GetDate(),1,1,0,'A'),
('55194950-57A4-4B46-B782-511A5A917676','Kitchen Appliances','4E29B83E-0F5B-4D59-8D0F-29EBC0F5D622',GetDate(),1,1,0,'A'),
('6D155A4E-F8E1-405A-B0AC-D1B926EE2C62','Home Audio & Theater','4E29B83E-0F5B-4D59-8D0F-29EBC0F5D622',GetDate(),1,1,0,'A'),
('6D2361B6-4C1B-4B7B-8A05-AD1F3C463C66','Televisions','4E29B83E-0F5B-4D59-8D0F-29EBC0F5D622',GetDate(),1,1,0,'A'),
('8E548F87-040A-4D44-9B58-166DB1A8E8DE','Projectors & Players','4E29B83E-0F5B-4D59-8D0F-29EBC0F5D622',GetDate(),1,1,0,'A'),
('8F940FA4-87D6-4B39-B69C-9A66B7F548D7','Generator UPS & Solar','4E29B83E-0F5B-4D59-8D0F-29EBC0F5D622',GetDate(),1,1,0,'A'),
('9719B7AD-1B93-4C46-B7CC-27A093D4B5ED','TV Accessories','4E29B83E-0F5B-4D59-8D0F-29EBC0F5D622',GetDate(),1,1,0,'A'),
('97EBA8A2-2A91-46F7-BB69-B1E3AB6FBAAC','Mens Care','69C59B68-5314-41FB-B2A0-105C1C537CF1',GetDate(),1,1,0,'A'),
('991987E3-D534-4CFA-9088-5DA7722ED444','Medical Supplies','69C59B68-5314-41FB-B2A0-105C1C537CF1',GetDate(),1,1,0,'A'),
('9A6F05A8-8C07-4E02-88B3-9AEFA9C3D389','Personal Care','69C59B68-5314-41FB-B2A0-105C1C537CF1',GetDate(),1,1,0,'A'),
('9B70AD45-ADAD-4F93-B460-2152AA1F6DF6','Hair Care','69C59B68-5314-41FB-B2A0-105C1C537CF1',GetDate(),1,1,0,'A'),
('A3A58B64-3F7C-40C6-AC6F-E0047DE46256','Beauty Tools','69C59B68-5314-41FB-B2A0-105C1C537CF1',GetDate(),1,1,0,'A'),
('A5B51B68-5B82-4E0C-8D47-F9A36B1774D6','Skin Care Tools','69C59B68-5314-41FB-B2A0-105C1C537CF1',GetDate(),1,1,0,'A'),
('A7E5B274-253B-44AB-BE66-BCB13F21DA59','Makeup','69C59B68-5314-41FB-B2A0-105C1C537CF1',GetDate(),1,1,0,'A'),
('B1B8902C-7D86-4BE0-BB9A-BF7E08BFD6C8','Fragrances','69C59B68-5314-41FB-B2A0-105C1C537CF1',GetDate(),1,1,0,'A'),
('B7A9CFB1-85C3-4A36-87AC-7E12E26034C8','Bath & Body','69C59B68-5314-41FB-B2A0-105C1C537CF1',GetDate(),1,1,0,'A'),
('C0F6C9AE-1C48-4E7F-A4B7-52B6D90D76F0','Sexual Wellness','69C59B68-5314-41FB-B2A0-105C1C537CF1',GetDate(),1,1,0,'A'),
('C59E4791-24D5-4698-A54A-39A8819BEBCB','Skin Care','69C59B68-5314-41FB-B2A0-105C1C537CF1',GetDate(),1,1,0,'A'),
('C6BB7A6F-FE6D-4857-AC26-62D27A6102A2','Clothing & Accessories','0F1B46D0-6A56-4AE1-90BE-0B91A2F0F611',GetDate(),1,1,0,'A'),
('D0E0F2B4-CA3F-4A65-AE92-F1B148AA7F43','Maternity Care','0F1B46D0-6A56-4AE1-90BE-0B91A2F0F611',GetDate(),1,1,0,'A'),
('e7a67a62-5c2a-4f9a-b27c-f9de3cc84a83','Baby Gear','0F1B46D0-6A56-4AE1-90BE-0B91A2F0F611',GetDate(),1,1,0,'A'),
('62e34366-48e5-4c1e-bf15-0f1726eccecc','Remote Control & Vehicles','0F1B46D0-6A56-4AE1-90BE-0B91A2F0F611',GetDate(),1,1,0,'A'),
('c58ab3b8-6cc1-4d7e-8287-650ff3250734','Feeding','0F1B46D0-6A56-4AE1-90BE-0B91A2F0F611',GetDate(),1,1,0,'A'),
('6b80332d-69f5-4ef5-9b3e-80cc18231269','Milk Formula & Baby Food','0F1B46D0-6A56-4AE1-90BE-0B91A2F0F611',GetDate(),1,1,0,'A'),
('af8f83f0-b4f3-441a-9b28-d1478b799a84','Diapering & Potty','0F1B46D0-6A56-4AE1-90BE-0B91A2F0F611',GetDate(),1,1,0,'A'),
('634512ff-d017-4997-86af-c9db26d615e6','Nursery','0F1B46D0-6A56-4AE1-90BE-0B91A2F0F611',GetDate(),1,1,0,'A'),
('01c5808a-5fc6-4d93-9449-48dc871c6b2d','Sports & Outdoor Play','0F1B46D0-6A56-4AE1-90BE-0B91A2F0F611',GetDate(),1,1,0,'A'),
('a24b6279-bf94-48cc-918a-8f3bc663b7cb','Baby & Toddler Toys','0F1B46D0-6A56-4AE1-90BE-0B91A2F0F611',GetDate(),1,1,0,'A'),
('f5f598cb-1dc4-4e5a-9b29-6651c3023d27','Baby Personal Care','0F1B46D0-6A56-4AE1-90BE-0B91A2F0F611',GetDate(),1,1,0,'A'),
('16ab4a9b-12e3-4b26-a590-6bb3a3314e2f','Toys & Games','0F1B46D0-6A56-4AE1-90BE-0B91A2F0F611',GetDate(),1,1,0,'A'),
('be3144ad-6af2-4e7f-8ae7-4ff1601cbf94','Feature Phones','51A0ED12-CCF3-4AC6-8C47-54C1B0623F2E',GetDate(),1,1,0,'A'),
('33a4f358-7b90-4e6e-9b77-1e92e64a5063','Like New','51A0ED12-CCF3-4AC6-8C47-54C1B0623F2E',GetDate(),1,1,0,'A'),
('1f4c5941-4d2a-44df-a002-52b052316188','Security Cameras','51A0ED12-CCF3-4AC6-8C47-54C1B0623F2E',GetDate(),1,1,0,'A'),
('dd5999cb-efac-44cc-bdde-417330d0ffec','Gaming Consoles','51A0ED12-CCF3-4AC6-8C47-54C1B0623F2E',GetDate(),1,1,0,'A'),
('a42e0cc4-f81b-4d90-94cc-64a589250aa7','Smart Phones','51A0ED12-CCF3-4AC6-8C47-54C1B0623F2E',GetDate(),1,1,0,'A'),
('2f27089d-4e7f-4698-9f06-4821dc01c62d','Cameras & Drones','51A0ED12-CCF3-4AC6-8C47-54C1B0623F2E',GetDate(),1,1,0,'A'),
('03f75c06-458f-4b34-b184-94093ec83f84','Smart Watches','51A0ED12-CCF3-4AC6-8C47-54C1B0623F2E',GetDate(),1,1,0,'A'),
('27ad1c52-4033-4d69-9612-e7a6d947b1f5','Monitors','51A0ED12-CCF3-4AC6-8C47-54C1B0623F2E',GetDate(),1,1,0,'A'),
('bc1cd657-f8e5-42a0-97e3-e5b4d586cb9f','Landline Phones','51A0ED12-CCF3-4AC6-8C47-54C1B0623F2E',GetDate(),1,1,0,'A'),
('c2905694-6a12-4b72-a3cc-785a51a5296d','Laptops','51A0ED12-CCF3-4AC6-8C47-54C1B0623F2E',GetDate(),1,1,0,'A'),
('90a4d84e-c08a-4cc0-ae82-2f60db7a15ae','Desktops','51A0ED12-CCF3-4AC6-8C47-54C1B0623F2E',GetDate(),1,1,0,'A'),
('b38f142c-79ae-40e7-a9f5-8f0e4a184fad','Frozen Food','DBB74346-0E78-4A16-9735-7E2EBBB89B42',GetDate(),1,1,0,'A'),
('0b587a38-1a6d-4894-87df-7eb75c12c8ff','Dog','DBB74346-0E78-4A16-9735-7E2EBBB89B42',GetDate(),1,1,0,'A'),
('904145f4-e7a8-4ccf-9507-7be217b2f963','Cat','DBB74346-0E78-4A16-9735-7E2EBBB89B42',GetDate(),1,1,0,'A'),
('fdbe12f6-bbb3-48c5-a05e-f1e005e22c01','Breakfast Choco & Snacks','DBB74346-0E78-4A16-9735-7E2EBBB89B42',GetDate(),1,1,0,'A'),
('a0b62e1e-b05b-4651-ae9f-20eecb66334d','Beverages','DBB74346-0E78-4A16-9735-7E2EBBB89B42',GetDate(),1,1,0,'A'),
('1444eac5-1e86-4631-9f3d-2f3db86d95b2','Food Staples','DBB74346-0E78-4A16-9735-7E2EBBB89B42',GetDate(),1,1,0,'A'),
('79eaa255-35bb-4f58-825f-7a6dcd9b36b6','Laundry & Household','DBB74346-0E78-4A16-9735-7E2EBBB89B42',GetDate(),1,1,0,'A'),
('db5b86b1-8f0d-47da-a7c5-e7ff7dc2f671','Fish','DBB74346-0E78-4A16-9735-7E2EBBB89B42',GetDate(),1,1,0,'A'),
('d36df851-8a06-4f82-a805-a50f6a930f18','Laundry & Cleaning','8AA7CB6E-91B4-4FA5-8B2F-32F1A84AF17C',GetDate(),1,1,0,'A'),
('cdbcf44c-2ff8-49b2-92a0-ff740fc27fbe','Tools DIY & Outdoor','8AA7CB6E-91B4-4FA5-8B2F-32F1A84AF17C',GetDate(),1,1,0,'A'),
('eeb03bb3-f4a0-4f4f-a5c0-b4f9ff62e07c','Bath','8AA7CB6E-91B4-4FA5-8B2F-32F1A84AF17C',GetDate(),1,1,0,'A'),
('2452a294-98b4-41b6-9bdf-b5d612bdf782','Stationery & Craft','8AA7CB6E-91B4-4FA5-8B2F-32F1A84AF17C',GetDate(),1,1,0,'A'),
('fb52a8ee-dc3b-4c27-a73f-b62d15fd04a2','Furniture','8AA7CB6E-91B4-4FA5-8B2F-32F1A84AF17C',GetDate(),1,1,0,'A'),
('55e83a4c-c904-47b1-8c8f-615ed59b978c','Bedding','8AA7CB6E-91B4-4FA5-8B2F-32F1A84AF17C',GetDate(),1,1,0,'A'),
('287b80f8-3df5-47d0-b7ee-1f75f759f98a','Decor','8AA7CB6E-91B4-4FA5-8B2F-32F1A84AF17C',GetDate(),1,1,0,'A'),
('c86bb14c-fc08-40dc-b6dd-3db788e5a803','Lighting','8AA7CB6E-91B4-4FA5-8B2F-32F1A84AF17C',GetDate(),1,1,0,'A'),
('cf21183d-67aa-402f-bb09-493a75d04682','Media Music & Books','8AA7CB6E-91B4-4FA5-8B2F-32F1A84AF17C',GetDate(),1,1,0,'A'),
('41c63293-29fd-4bfb-9221-a29cdff8162b','Girls Shoes','363508E5-B3F6-4E9D-92AD-B20B6639E08D',GetDate(),1,1,0,'A'),
('98766752-cf2c-4630-87a3-5d21d31b058f','Girls Clothing','363508E5-B3F6-4E9D-92AD-B20B6639E08D',GetDate(),1,1,0,'A'),
('87e41d1c-70cf-4e2e-9e6b-cb4ac6b844b4','Sleepwear & Innerwear','363508E5-B3F6-4E9D-92AD-B20B6639E08D',GetDate(),1,1,0,'A'),
('c48b0ecb-1884-4f41-a08a-dfe1b8d8ff4c','Bras Panties & Lingerie','363508E5-B3F6-4E9D-92AD-B20B6639E08D',GetDate(),1,1,0,'A'),
('cdfe80ac-cdb4-4cf8-9178-89381301dbfd','Unstitched Fabric','363508E5-B3F6-4E9D-92AD-B20B6639E08D',GetDate(),1,1,0,'A'),
('e0c5e007-1702-4710-ae7e-bb1b679b0c93','Kurtas & Shalwar Kameez','363508E5-B3F6-4E9D-92AD-B20B6639E08D',GetDate(),1,1,0,'A'),
('4e8d7554-12c0-4f7f-9f76-1ed471bfa38a','Dresses & Skirts','363508E5-B3F6-4E9D-92AD-B20B6639E08D',GetDate(),1,1,0,'A'),
('bc6678d8-a635-47cb-b7d4-78f8f22d6464','Winter Clothing','363508E5-B3F6-4E9D-92AD-B20B6639E08D',GetDate(),1,1,0,'A'),
('c8d48f1f-cf63-4f56-a92d-824e7cb71a6d','Pants Jeans & Leggings','363508E5-B3F6-4E9D-92AD-B20B6639E08D',GetDate(),1,1,0,'A'),
('cc0b7832-7070-4cc7-873d-f7b1f3104ed2','Tops','363508E5-B3F6-4E9D-92AD-B20B6639E08D',GetDate(),1,1,0,'A'),
('0da10a2e-d21a-4083-a3ac-7ff14389118e','Muslim Wear','363508E5-B3F6-4E9D-92AD-B20B6639E08D',GetDate(),1,1,0,'A'),
('f3d7f868-2d92-4ac0-aea0-f270e3826b34','Boys Shoes','4B71696C-79A8-44DF-82D4-FC5D53145E54',GetDate(),1,1,0,'A'),
('9cfdc87f-aba4-4c6a-b0af-a8af08e59a6d','Shorts Joggers & Sweats','4B71696C-79A8-44DF-82D4-FC5D53145E54',GetDate(),1,1,0,'A'),
('d1c0caa3-b038-44f8-b40a-cb5c8c9133cd','Shirts & Polo','4B71696C-79A8-44DF-82D4-FC5D53145E54',GetDate(),1,1,0,'A'),
('97751b7e-021a-43a2-9400-1cc73b1db2d4','T-Shirts & Tanks','4B71696C-79A8-44DF-82D4-FC5D53145E54',GetDate(),1,1,0,'A'),
('742062de-6504-40b1-9bb9-eb254d12c8de','Boys Accessories','4B71696C-79A8-44DF-82D4-FC5D53145E54',GetDate(),1,1,0,'A'),
('29d87eac-1231-46a1-92cf-9688ae19484d','Boys Clothing','4B71696C-79A8-44DF-82D4-FC5D53145E54',GetDate(),1,1,0,'A'),
('750ff1e7-ea11-49a0-9852-14f993fe3d9d','Accessories','4B71696C-79A8-44DF-82D4-FC5D53145E54',GetDate(),1,1,0,'A'),
('86e34ced-5561-4f85-b8c4-c2fff7921996','Shoes','4B71696C-79A8-44DF-82D4-FC5D53145E54',GetDate(),1,1,0,'A'),
('d961a560-e146-4be8-a4e5-0e9d572d4fb3','Inner Wear','4B71696C-79A8-44DF-82D4-FC5D53145E54',GetDate(),1,1,0,'A'),
('8113891a-9ea5-4efa-9a07-556562949877','Pants & Jeans','4B71696C-79A8-44DF-82D4-FC5D53145E54',GetDate(),1,1,0,'A'),
('97689e6f-19ab-4f7f-8fd2-78de649fe705','Womens Watches','B1A2293E-983A-4C05-9393-2345F4E403A2',GetDate(),1,1,0,'A'),
('7ae7605e-9273-4c0e-bb9b-59fc5a402c22','Mens Watches','B1A2293E-983A-4C05-9393-2345F4E403A2',GetDate(),1,1,0,'A'),
('d7a8accc-6d27-46df-93ab-b37119588b76','Kids Watches','B1A2293E-983A-4C05-9393-2345F4E403A2',GetDate(),1,1,0,'A'),
('c7b9c26f-5cce-4566-8703-b7ebb3591300','Mens Jewellery','B1A2293E-983A-4C05-9393-2345F4E403A2',GetDate(),1,1,0,'A'),
('a33ba7c5-971d-4651-86d4-24a0ed18e07b','Womens Jewellery','B1A2293E-983A-4C05-9393-2345F4E403A2',GetDate(),1,1,0,'A'),
('ddb839e3-c1f2-4f94-ba6d-1593958bd8a3','Sunglasses & Eyewear','B1A2293E-983A-4C05-9393-2345F4E403A2',GetDate(),1,1,0,'A'),
('64b7ef23-ebc5-4fec-a626-fc9ac22d5ded','Womens Bags','B1A2293E-983A-4C05-9393-2345F4E403A2',GetDate(),1,1,0,'A'),
('9f37b5c8-5b1f-41c0-bc0a-dfc44d1ee143','Mens Bags','B1A2293E-983A-4C05-9393-2345F4E403A2',GetDate(),1,1,0,'A'),
('ff2b6980-0176-43cc-92bd-edccd03a0bc0','Luggage & Suitcase','B1A2293E-983A-4C05-9393-2345F4E403A2',GetDate(),1,1,0,'A'),
('5f73afab-0d5b-4b26-b2c1-ea2c6caa7740','Womens Accessories','B1A2293E-983A-4C05-9393-2345F4E403A2',GetDate(),1,1,0,'A'),
('ce7f871c-7c70-4724-81ea-6c03c32138ed','Racket Sports','7E84FBA7-5F16-45B0-B8FD-4DE1743A7D7C',GetDate(),1,1,0,'A'),
('85400f71-df72-4808-98ae-a02866086e37','Shoes & Clothing','7E84FBA7-5F16-45B0-B8FD-4DE1743A7D7C',GetDate(),1,1,0,'A'),
('5fdde0a8-4146-401f-9acb-6252042d72ed','Sports Accessories','7E84FBA7-5F16-45B0-B8FD-4DE1743A7D7C',GetDate(),1,1,0,'A'),
('2a594555-84d7-4d6a-9670-2119d0859100','Fitness Gadgets','7E84FBA7-5F16-45B0-B8FD-4DE1743A7D7C',GetDate(),1,1,0,'A'),
('b94cfe31-8c9d-48f4-aab3-f001330692f9','Outdoor Recreation','7E84FBA7-5F16-45B0-B8FD-4DE1743A7D7C',GetDate(),1,1,0,'A'),
('a6a127c0-3230-4be1-b3b4-dd1362698126','Supplements','7E84FBA7-5F16-45B0-B8FD-4DE1743A7D7C',GetDate(),1,1,0,'A'),
('3d5b430f-36f1-40ab-aa6e-ca4545438ca2','Team Sports','7E84FBA7-5F16-45B0-B8FD-4DE1743A7D7C',GetDate(),1,1,0,'A'),
('d957cdd7-b8d6-4009-be2f-9053fff13b55','Exercise & Fitness','7E84FBA7-5F16-45B0-B8FD-4DE1743A7D7C',GetDate(),1,1,0,'A'),
('7362ffa6-a474-4634-a143-bccdc0bff9a7','Loaders & Rickshaw','E247FAE0-3A0E-4EC8-893C-BF84E1BA7F86',GetDate(),1,1,0,'A'),
('a985036c-77d1-49ff-90a1-fb33064d9ceb','Automotive','E247FAE0-3A0E-4EC8-893C-BF84E1BA7F86',GetDate(),1,1,0,'A'),
('49f750e2-1b00-4cb0-aacd-549424659877','Motorcycle','E247FAE0-3A0E-4EC8-893C-BF84E1BA7F86',GetDate(),1,1,0,'A')

Insert Into INV.SubCategory(SubCategoryId,SubCategoryName,CategoryId,CreatedOn,CreatedBy, IsActive,IsDeleted,SubCategorySlug)
Values('31445E5B-B7D2-4B43-B94C-6375B4D19C9E','Tablet Accessories','0A9D7B9C-53B1-44A1-B5FA-7B2C8F58B67D',GetDate(),1,1,0,'A'),
('B9D7AD0C-472F-4D35-9E4E-AC1D720C8186','Cables Converters','0A9D7B9C-53B1-44A1-B5FA-7B2C8F58B67D',GetDate(),1,1,0,'A'),
('CFD469B8-3B8C-4A4F-8651-8B7DE0F62B2D','Phone Cases','0A9D7B9C-53B1-44A1-B5FA-7B2C8F58B67D',GetDate(),1,1,0,'A'),
('0B7A3326-9AC2-43CA-86A0-FA1D05714D0D','Car Mounts','0A9D7B9C-53B1-44A1-B5FA-7B2C8F58B67D',GetDate(),1,1,0,'A'),
('AC648AC7-3C2C-4E48-88C4-2B7F16D9E5D2','Parts & Tools','0A9D7B9C-53B1-44A1-B5FA-7B2C8F58B67D',GetDate(),1,1,0,'A'),
('54833B7A-B2C3-4CFB-87F4-92EB55E8A4AC','Screen Protectors','0A9D7B9C-53B1-44A1-B5FA-7B2C8F58B67D',GetDate(),1,1,0,'A'),
('E1F49D90-1B45-4FA6-8E7F-F8A0C2A54C1A','Power Banks','0A9D7B9C-53B1-44A1-B5FA-7B2C8F58B67D',GetDate(),1,1,0,'A'),
('A71942B6-F5A5-4E07-A217-25AB993A605A','Phone Camera Flash Lights','0A9D7B9C-53B1-44A1-B5FA-7B2C8F58B67D',GetDate(),1,1,0,'A'),
('0B3F7B59-53BD-4E65-83CF-BB55ADBB4CE2','Selfie Sticks','0A9D7B9C-53B1-44A1-B5FA-7B2C8F58B67D',GetDate(),1,1,0,'A'),
('DCAB64CC-66F6-45AB-BCDB-4CA227B6BE0B','Car Chargers','0A9D7B9C-53B1-44A1-B5FA-7B2C8F58B67D',GetDate(),1,1,0,'A'),
('CAB8F963-60C5-44E3-AB94-AC96B20658BE','Wall Chargers','0A9D7B9C-53B1-44A1-B5FA-7B2C8F58B67D',GetDate(),1,1,0,'A'),
('F5BCE835-9F04-4200-B6AD-0243E4301B1B','Docks & Stands','0A9D7B9C-53B1-44A1-B5FA-7B2C8F58B67D',GetDate(),1,1,0,'A'),
('61AA36C3-33A3-46DB-B4F1-7CBEB81A538B','Gimbals & Stabilizers','6EFA0EAC-2049-4C34-8D7D-0B23F95E36A2',GetDate(),1,1,0,'A'),
('416CC275-F9B6-4F58-9E6A-4AF15F518B56','Action Camera Accessories','6EFA0EAC-2049-4C34-8D7D-0B23F95E36A2',GetDate(),1,1,0,'A'),
('AB9B31D8-1E6F-4410-B74A-CCF8F6B5B6B0','Lenses','6EFA0EAC-2049-4C34-8D7D-0B23F95E36A2',GetDate(),1,1,0,'A'),
('5C42C789-FE65-4932-A012-CC62A65B98DE','Tripods & Monopods','6EFA0EAC-2049-4C34-8D7D-0B23F95E36A2',GetDate(),1,1,0,'A'),
('A07D51BB-E5B2-4F2E-A48C-D847E4283C96','Memory Cards','6EFA0EAC-2049-4C34-8D7D-0B23F95E36A2',GetDate(),1,1,0,'A'),
('95B8ACDF-F0B8-4EB1-826D-1B20CB6323E4','Batteries','6EFA0EAC-2049-4C34-8D7D-0B23F95E36A2',GetDate(),1,1,0,'A'),
('05E0D285-80E6-4A0F-A716-72E7764CEB98','Lighting & Studio Equipment','6EFA0EAC-2049-4C34-8D7D-0B23F95E36A2',GetDate(),1,1,0,'A'),
('064BEB26-EC56-4ED1-BAB4-25F258750845','Camera Cases, Covers and Bags','6EFA0EAC-2049-4C34-8D7D-0B23F95E36A2',GetDate(),1,1,0,'A'),
('A042E86A-763D-4FBC-B770-FDC274E44796','Fitness & Activity Trackers','47BA0B7B-FAD0-46B7-AF5D-31F15346DF96',GetDate(),1,1,0,'A'),
('0D9A4B3A-6E18-4A68-9705-0D73AE59A69E','Virtual Reality','47BA0B7B-FAD0-46B7-AF5D-31F15346DF96',GetDate(),1,1,0,'A'),
('37F79D3B-FA17-4D7B-9170-344D62FBCB27','Access Points','02E48E61-2C8F-48C5-B8F1-6D93C479CEB4',GetDate(),1,1,0,'A'),
('F6F28E9E-2829-47CB-AD2E-167B2AF45CE6','Motherboards','B08E3F88-DC9B-45BB-BC88-44A8F6A0C983',GetDate(),1,1,0,'A'),
('F4D66032-D3F1-4C85-954E-0CFB90CF5A84','Processors','B08E3F88-DC9B-45BB-BC88-44A8F6A0C983',GetDate(),1,1,0,'A'),
('2C29E6FB-3067-48CE-83F0-12D9A2C960B4','Fans & Heatsinks','B08E3F88-DC9B-45BB-BC88-44A8F6A0C983',GetDate(),1,1,0,'A'),
('DF6F72F6-F5AB-49A6-83C6-0709F27E875E','Graphic Cards','B08E3F88-DC9B-45BB-BC88-44A8F6A0C983',GetDate(),1,1,0,'A'),
('30C18614-3BA4-4A49-9C26-6E8CBB8E322A','Desktop Casings','B08E3F88-DC9B-45BB-BC88-44A8F6A0C983',GetDate(),1,1,0,'A'),
('14D4E4B8-DAA5-4F55-82F5-CEB76E6EBA0F','Bluetooth Headsets','A938B30C-43A5-40C0-AD05-2F0566A18DAE',GetDate(),1,1,0,'A'),
('AA1EDB20-7E3A-493E-91AC-ED97DC1B5D4A','Wired Headsets','A938B30C-43A5-40C0-AD05-2F0566A18DAE',GetDate(),1,1,0,'A'),
('6AB5C0A8-88F7-4E87-9C71-3A7C865DAA87','In-Ear Headphones','A938B30C-43A5-40C0-AD05-2F0566A18DAE',GetDate(),1,1,0,'A'),
('D1ECBA13-28B1-4C64-B311-D1F441E0DF9A','Over-The-Ear Headphones','A938B30C-43A5-40C0-AD05-2F0566A18DAE',GetDate(),1,1,0,'A'),
('B0EFC79B-EF0F-471A-94D3-00D71B8BCBF5','Headphones & Headsets Access.','A938B30C-43A5-40C0-AD05-2F0566A18DAE',GetDate(),1,1,0,'A'),
('C991B3EB-BB6E-4D8B-8D7C-0BA518143F7E','Wireless Earbuds','A938B30C-43A5-40C0-AD05-2F0566A18DAE',GetDate(),1,1,0,'A'),
('365FD294-0B24-4DCE-BD3A-13D47E68860C','Mono Headsets','A938B30C-43A5-40C0-AD05-2F0566A18DAE',GetDate(),1,1,0,'A'),
('90DDE4AD-9E73-4E61-BCA3-25C7E5F8B98D','Ink & Toners','E08D8B1A-C49C-4B7C-AF16-E15E28D5F9B4',GetDate(),1,1,0,'A'),
('AEEB4850-306F-452B-A0F0-22A6B0B1D69F','Fax Machines','E08D8B1A-C49C-4B7C-AF16-E15E28D5F9B4',GetDate(),1,1,0,'A'),
('7E2A6BE1-2B37-487B-B1E5-FC21CE2DFF97','Internal Hard Drives','D02B3B18-9A93-4E7C-BB4A-0B2AB5D1AE1E',GetDate(),1,1,0,'A'),
('2F8D145C-0E54-44CB-B45B-0DF3B6BCE9BC','Storage for Mac','D02B3B18-9A93-4E7C-BB4A-0B2AB5D1AE1E',GetDate(),1,1,0,'A'),
('E1F3EB8A-A65F-4378-9D1C-D0A1D5D47917','Flash Drives','D02B3B18-9A93-4E7C-BB4A-0B2AB5D1AE1E',GetDate(),1,1,0,'A'),
('9D272FBB-3D3D-4C9D-BBBE-AAC4E920E682','OTG Drives','D02B3B18-9A93-4E7C-BB4A-0B2AB5D1AE1E',GetDate(),1,1,0,'A'),
('6C2B5091-1225-46C2-AB95-3A58A0158EB2','External Hard Drives','D02B3B18-9A93-4E7C-BB4A-0B2AB5D1AE1E',GetDate(),1,1,0,'A'),
('305F0B62-BA79-4D50-B82E-D7F8B18C56E7','Portable Speakers','C3F25793-9886-4B94-B634-7F8A15A7B0E4',GetDate(),1,1,0,'A'),
('B357F4CA-5DE0-4B4F-8D6A-15B7993AA1EC','Gaming Mouse','0EB493F0-013C-49FD-A98B-54F508E4A707',GetDate(),1,1,0,'A'),
('57D835A0-1393-4E8E-8C93-463A95D5E869','Gaming Keyboards','0EB493F0-013C-49FD-A98B-54F508E4A707',GetDate(),1,1,0,'A'),
('D8A0C85F-2586-4B37-BF94-6C11C9C7F470','Gaming Headsets','0EB493F0-013C-49FD-A98B-54F508E4A707',GetDate(),1,1,0,'A'),
('C6F4014E-1579-45B5-A6F5-29AE070D7D0B','Monitors & Accessories','9E63864C-3C05-4DB8-9A46-2CFEE0F8E6E5',GetDate(),1,1,0,'A'),
('2E8BA789-FB68-4D07-BF56-B7EEFB9F6CF6','Mac Accessories','DAA798F1-94B4-4E91-A48F-5B7C1F189921',GetDate(),1,1,0,'A'),
('D995A16E-67B0-40AC-B62B-740B0C22AB75','Mouse','DAA798F1-94B4-4E91-A48F-5B7C1F189921',GetDate(),1,1,0,'A'),
('C326F5E5-599E-4B36-BE29-30EEA09AB5BD','Adapters & Cables','DAA798F1-94B4-4E91-A48F-5B7C1F189921',GetDate(),1,1,0,'A'),
('08AEB86E-E3A5-4DCA-BCCB-72882D0A4F38','PC Audio','DAA798F1-94B4-4E91-A48F-5B7C1F189921',GetDate(),1,1,0,'A'),
('E16CF6E4-BC96-4FC2-BC73-DA4DB41BFBF4','Cooling Pads/Cooling Stands','DAA798F1-94B4-4E91-A48F-5B7C1F189921',GetDate(),1,1,0,'A'),
('78F2D0F6-2580-49D5-93D6-6D18736A5C7A','Keyboards','DAA798F1-94B4-4E91-A48F-5B7C1F189921',GetDate(),1,1,0,'A'),
('7A37A785-7E42-4A47-B6A4-927D24E2EC23','Air Conditioner','0D5DF3EC-EA35-4A15-B1BC-59D9FA23437F',GetDate(),1,1,0,'A'),
('4F6693D0-C635-42F6-B2F5-ABDC22F98B3C','Washing Machine','255F78CE-BEE4-4E89-85D4-DA4A8324D19D',GetDate(),1,1,0,'A'),
('16A0B02C-4D63-49C1-B45C-FCA0A0E20A7A','Freezers','38AE66B1-FF5A-4DBB-93A5-3DB2E54AE479',GetDate(),1,1,0,'A'),
('A3547D73-2AE7-4C64-A6C3-5C8538F45E8D','Air Cooler','44E3535F-23B3-4A21-A35D-7A7922D2DA53',GetDate(),1,1,0,'A'),
('FE45E5CA-451F-44E5-BF16-0F44B3E2239B','Air Purifier','44E3535F-23B3-4A21-A35D-7A7922D2DA53',GetDate(),1,1,0,'A'),
('8444E3A1-4032-43AF-9F80-0CE553CF28B4','Dehumidifier','44E3535F-23B3-4A21-A35D-7A7922D2DA53',GetDate(),1,1,0,'A'),
('EAC3827A-4BC1-4CE2-B3C0-9D20F7641AA1','Humidifier','44E3535F-23B3-4A21-A35D-7A7922D2DA53',GetDate(),1,1,0,'A'),
('B87672F2-2458-4B35-AB8A-2A0F1D62285B','Fan','44E3535F-23B3-4A21-A35D-7A7922D2DA53',GetDate(),1,1,0,'A'),
('AA3EAE9E-4601-4C6C-B15F-44E4F370DC41','Room Heater','44E3535F-23B3-4A21-A35D-7A7922D2DA53',GetDate(),1,1,0,'A'),
('8BBF3F91-77F3-4C83-B2FA-7D72E7C765BA','Water Heater','44E3535F-23B3-4A21-A35D-7A7922D2DA53',GetDate(),1,1,0,'A'),
('0E1D8842-6B8B-4B7F-80EC-32EB8B99AFB7','Irons','4B4E8E9E-C163-40F2-85F0-ED7097CEB47B',GetDate(),1,1,0,'A'),
('07E6229F-AF0F-40D5-B8BB-7B1894C8755E','Garment Steamer','4B4E8E9E-C163-40F2-85F0-ED7097CEB47B',GetDate(),1,1,0,'A'),
('7ED21D52-DFB7-426D-B2B8-03FDE95E62C0','Sewing Machine','4B4E8E9E-C163-40F2-85F0-ED7097CEB47B',GetDate(),1,1,0,'A'),
('929E4935-B5C3-4E0C-90C6-FAEDE9B4F41E','Electric Brooms','53D96759-8EB5-4594-9140-E66F1701C99A',GetDate(),1,1,0,'A'),
('26F66539-3F1F-4FEC-9D0E-1DBA3F7F39F4','Steam Mops','53D96759-8EB5-4594-9140-E66F1701C99A',GetDate(),1,1,0,'A'),
('8CFC13E5-9E64-44B4-A68E-7DF3BDF2F2BD','Floor Polisher','53D96759-8EB5-4594-9140-E66F1701C99A',GetDate(),1,1,0,'A'),
('F2D2FBC9-BE2F-42D0-B5B8-0D7D3A042A36','Vacuum Cleaner','53D96759-8EB5-4594-9140-E66F1701C99A',GetDate(),1,1,0,'A'),
('3AF89A4A-35C8-4C26-BE6C-4B9C2EC65B4D','Microwave','55194950-57A4-4B46-B782-511A5A917676',GetDate(),1,1,0,'A'),
('6B3FEC9D-9B72-42C3-91B2-517BB5D28A7A','Water Dispensers','55194950-57A4-4B46-B782-511A5A917676',GetDate(),1,1,0,'A'),
('EF6A322A-24AB-4B84-926B-BD84D1D31C47','Dishwashers','55194950-57A4-4B46-B782-511A5A917676',GetDate(),1,1,0,'A'),
('1AA6269A-CF0E-4DF4-BE77-2A53A86C1C8F','Cooktop & Range','55194950-57A4-4B46-B782-511A5A917676',GetDate(),1,1,0,'A'),
('528AD60A-5399-4E54-8209-39E27347C7E0','Oven','55194950-57A4-4B46-B782-511A5A917676',GetDate(),1,1,0,'A'),
('B3E09B5F-3D71-44AD-BD9C-F22C64E3B1F5','Air & Deep Fryers','55194950-57A4-4B46-B782-511A5A917676',GetDate(),1,1,0,'A'),
('429E697D-A4C3-4E26-BC94-8ED9AD4C918F','Specialty Cookware','55194950-57A4-4B46-B782-511A5A917676',GetDate(),1,1,0,'A'),
('FDDB86DB-777B-4B14-A6E5-616E4093FF04','Juicer & Fruit Extraction','55194950-57A4-4B46-B782-511A5A917676',GetDate(),1,1,0,'A'),
('1DAB3900-2F26-4C0F-8A77-68A35579A2C0','Blender, Mixer & Grinder','55194950-57A4-4B46-B782-511A5A917676',GetDate(),1,1,0,'A'),
('8C50451F-4603-46B5-B620-5C1B3F3E9DC0','Electric Kettle','55194950-57A4-4B46-B782-511A5A917676',GetDate(),1,1,0,'A'),
('A3E32565-BD48-4625-B39A-4D9BFBDE5D9D','Pressure Cookers','55194950-57A4-4B46-B782-511A5A917676',GetDate(),1,1,0,'A'),
('54F6FA94-42DE-4C7C-9456-EB47F5B2921D','Rice Cooker','55194950-57A4-4B46-B782-511A5A917676',GetDate(),1,1,0,'A'),
('C9D3F5F6-C39C-43DF-AACF-12B281586F08','Soundbar Speakers','6D155A4E-F8E1-405A-B0AC-D1B926EE2C62',GetDate(),1,1,0,'A'),
('8FA96D8A-66AC-4F0B-89F5-B02DA388BDBE','Live Sound & Stage Equipment','6D155A4E-F8E1-405A-B0AC-D1B926EE2C62',GetDate(),1,1,0,'A'),
('A3E3141F-F24B-4B2F-8B46-42B06CBFB7F7','Home Entertainment','6D155A4E-F8E1-405A-B0AC-D1B926EE2C62',GetDate(),1,1,0,'A'),
('932E21D5-BDB0-41D4-BBEB-88A7EC34E26B','Home Theater Systems','6D155A4E-F8E1-405A-B0AC-D1B926EE2C62',GetDate(),1,1,0,'A'),
('046BBFD3-195B-441F-8339-8253E2E2D6A8','LED Televisions','6D2361B6-4C1B-4B7B-8A05-AD1F3C463C66',GetDate(),1,1,0,'A'),
('A33EEAC6-5721-4F9E-8997-1F6D4A390A1E','Smart Televisions','6D2361B6-4C1B-4B7B-8A05-AD1F3C463C66',GetDate(),1,1,0,'A'),
('0AD9D34A-5712-4630-AC8C-C3AA2E284E34','Projectors','8E548F87-040A-4D44-9B58-166DB1A8E8DE',GetDate(),1,1,0,'A'),
('BE7E5F3B-5B87-4636-B1F1-B7A2766A3B41','Blu Ray & DVD Players','8E548F87-040A-4D44-9B58-166DB1A8E8DE',GetDate(),1,1,0,'A'),
('9712CFBB-9B06-4DA8-962E-2A40CCEB6EBF','Solar Inverters','8F940FA4-87D6-4B39-B69C-9A66B7F548D7',GetDate(),1,1,0,'A'),
('98275C38-0A37-4B87-B18C-E8B3746AC820','Generators','8F940FA4-87D6-4B39-B69C-9A66B7F548D7',GetDate(),1,1,0,'A'),
('0F4AFA29-9AB0-4B82-A61F-6901C38323D2','UPS','8F940FA4-87D6-4B39-B69C-9A66B7F548D7',GetDate(),1,1,0,'A'),
('B3B8FDEB-3D78-43AD-833D-2B3F7FDD96A1','Antennas','9719B7AD-1B93-4C46-B7CC-27A093D4B5ED',GetDate(),1,1,0,'A'),
('5CF62A9A-1A65-40DF-8E62-39F364F9CB60','TV Receivers','9719B7AD-1B93-4C46-B7CC-27A093D4B5ED',GetDate(),1,1,0,'A'),
('E5D8E916-3E2C-4E37-8353-63B77F7E1720','Cables','9719B7AD-1B93-4C46-B7CC-27A093D4B5ED',GetDate(),1,1,0,'A'),
('FAF3D0A7-3B67-4B54-B7BE-B1A92F317B9C','3D Glasses','9719B7AD-1B93-4C46-B7CC-27A093D4B5ED',GetDate(),1,1,0,'A'),
('4AD7CFB4-E3EB-45B5-BCF8-4D900B7B066B','TV Remote Controllers','9719B7AD-1B93-4C46-B7CC-27A093D4B5ED',GetDate(),1,1,0,'A'),
('59CF7F8B-283C-4E91-8AF1-0B798A05D5E6','Wall Mounts & Protectors','9719B7AD-1B93-4C46-B7CC-27A093D4B5ED',GetDate(),1,1,0,'A'),
('0FF8AD2C-5E59-4D58-8E65-E1966A5243B3','TV Adapters','9719B7AD-1B93-4C46-B7CC-27A093D4B5ED',GetDate(),1,1,0,'A'),
('F37D92BD-2F6E-41A3-870F-34C36741571E','Shaving & Grooming','97EBA8A2-2A91-46F7-BB69-B1E3AB6FBAAC',GetDate(),1,1,0,'A'),
('01D88B0E-8C0E-4F2C-B1D8-1E5C9A84629E','Stethoscopes','991987E3-D534-4CFA-9088-5DA7722ED444',GetDate(),1,1,0,'A'),
('53A1F1DB-763B-4B37-BB14-C7505ED4E568','Surgical Masks','991987E3-D534-4CFA-9088-5DA7722ED444',GetDate(),1,1,0,'A'),
('BB5F3B0D-FB3A-46D6-BAB0-6E107D97B598','Health Monitors & Tests','991987E3-D534-4CFA-9088-5DA7722ED444',GetDate(),1,1,0,'A'),
('EA1E1A6B-2952-4088-B7A3-772CD154E593','Ointments and Creams','991987E3-D534-4CFA-9088-5DA7722ED444',GetDate(),1,1,0,'A'),
('CFDAD518-49AD-47E8-9E5D-4A37CB4B5B3B','Nebulizer & Aspirators','991987E3-D534-4CFA-9088-5DA7722ED444',GetDate(),1,1,0,'A'),
('D2F46F08-DF90-4722-86EB-8C2944DE1D67','Health Accessories','991987E3-D534-4CFA-9088-5DA7722ED444',GetDate(),1,1,0,'A'),
('2F727FAF-F792-457E-A031-AC72274BA26D','First Aid Supplies','991987E3-D534-4CFA-9088-5DA7722ED444',GetDate(),1,1,0,'A'),
('AA67D0C5-21D0-4820-A8BE-50A259C1E4E8','Adult Diapers','9A6F05A8-8C07-4E02-88B3-9AEFA9C3D389',GetDate(),1,1,0,'A'),
('748D8653-9E2A-4E5E-B839-EDFB1BEB5B77','Oral Care','9A6F05A8-8C07-4E02-88B3-9AEFA9C3D389',GetDate(),1,1,0,'A'),
('DFF5ACB1-06A3-4B47-B8A5-0E39449F92D1','Eye Care','9A6F05A8-8C07-4E02-88B3-9AEFA9C3D389',GetDate(),1,1,0,'A'),
('79BCA68D-FAE6-49B1-9CE1-FC573D512DE7','Pads & Tampons','9A6F05A8-8C07-4E02-88B3-9AEFA9C3D389',GetDate(),1,1,0,'A'),
('F03A329E-6D6C-4B4F-BB34-BA7587CB073A','Menstrual Cups','9A6F05A8-8C07-4E02-88B3-9AEFA9C3D389',GetDate(),1,1,0,'A'),
('2B9465C1-5E69-4034-8CB0-AB4E848A4620','Deodorants','9A6F05A8-8C07-4E02-88B3-9AEFA9C3D389',GetDate(),1,1,0,'A'),
('E85F2DFB-91AF-4C56-8D46-52E58088C91C','Personal Safety & Security','9A6F05A8-8C07-4E02-88B3-9AEFA9C3D389',GetDate(),1,1,0,'A'),
('23B2E4CC-4935-4FC0-BE24-AC3BDA5E45E3','Ear Care','9A6F05A8-8C07-4E02-88B3-9AEFA9C3D389',GetDate(),1,1,0,'A'),
('92F4F4E7-09E5-45AA-A166-479AEB7936A8','Oil & Serums','9B70AD45-ADAD-4F93-B460-2152AA1F6DF6',GetDate(),1,1,0,'A'),
('9FDDAD7B-5DE6-4981-98F3-BB3BEFB073E2','Hair Care Accessories','9B70AD45-ADAD-4F93-B460-2152AA1F6DF6',GetDate(),1,1,0,'A'),
('1A1C52E0-99D2-4CE8-B0C0-4C7C0A92468E','Shampoo & Conditioner','9B70AD45-ADAD-4F93-B460-2152AA1F6DF6',GetDate(),1,1,0,'A'),
('F3B6821F-8E83-4E21-AE88-EB78F463A8A5','Hair Treatments','9B70AD45-ADAD-4F93-B460-2152AA1F6DF6',GetDate(),1,1,0,'A'),
('BE2A4A79-9F93-4A77-AB28-D91DAE64CE56','Hair Styling','9B70AD45-ADAD-4F93-B460-2152AA1F6DF6',GetDate(),1,1,0,'A'),
('06A76D5E-5E04-4D34-872D-D84EABF4BBD6','Hair Coloring','9B70AD45-ADAD-4F93-B460-2152AA1F6DF6',GetDate(),1,1,0,'A'),
('7E61DCD0-8C48-4A71-AE24-33F823283DCF','Foot Relief Tools','A3A58B64-3F7C-40C6-AC6F-E0047DE46256',GetDate(),1,1,0,'A'),
('C68C64FB-9930-4C62-B01D-38E7F7CFD392','Slimming & Electric Massagers','A3A58B64-3F7C-40C6-AC6F-E0047DE46256',GetDate(),1,1,0,'A'),
('EADFE3F4-AD77-4A21-B9B0-816093178285','Hair Removal Appliances','A3A58B64-3F7C-40C6-AC6F-E0047DE46256',GetDate(),1,1,0,'A'),
('48F57C0E-590E-4E37-8F91-D2BB3B969B83','Hair Styling Appliances','A3A58B64-3F7C-40C6-AC6F-E0047DE46256',GetDate(),1,1,0,'A'),
('C6477D0A-0E49-40D8-9E28-96F1D19E14DA','Skin Care Tools','A5B51B68-5B82-4E0C-8D47-F9A36B1774D6',GetDate(),1,1,0,'A'),
('AE34570F-CA54-44A4-924B-FB885E407B44','Bulk Deals','A7E5B274-253B-44AB-BE66-BCB13F21DA59',GetDate(),1,1,0,'A'),
('F7BA93E1-885E-4A09-85E0-E55E771D56E1','Eyes','A7E5B274-253B-44AB-BE66-BCB13F21DA59',GetDate(),1,1,0,'A'),
('CFD4F2A8-4BFA-4990-A810-3B49AB9AE55E','Makeup Accessories','A7E5B274-253B-44AB-BE66-BCB13F21DA59',GetDate(),1,1,0,'A'),
('FF99B4D8-9C2A-44B8-AB1A-6ACD5E9F69D0','Lips','A7E5B274-253B-44AB-BE66-BCB13F21DA59',GetDate(),1,1,0,'A'),
('06B8E726-543A-4DE6-938F-B3DEADF7B7E7','Nails','A7E5B274-253B-44AB-BE66-BCB13F21DA59',GetDate(),1,1,0,'A'),
('B1E353C1-370B-4E2E-8C91-47190E6236A4','Makeup Removers','A7E5B274-253B-44AB-BE66-BCB13F21DA59',GetDate(),1,1,0,'A'),
('A047CB45-EFD3-4A47-9FC1-32D2A89C232A','Makeup Palettes & Sets','A7E5B274-253B-44AB-BE66-BCB13F21DA59',GetDate(),1,1,0,'A'),
('40C17B27-BDDE-4595-A5CE-FE04F8EBE7F6','Face','A7E5B274-253B-44AB-BE66-BCB13F21DA59',GetDate(),1,1,0,'A'),
('9ED0D243-7D8F-40A3-8B4F-6EB9E4BB4AF4','Women','B1B8902C-7D86-4BE0-BB9A-BF7E08BFD6C8',GetDate(),1,1,0,'A'),
('F2DE8B7A-48E7-4CC3-B36C-2BA5971CB12C','Men','B1B8902C-7D86-4BE0-BB9A-BF7E08BFD6C8',GetDate(),1,1,0,'A'),
('79D7A7E0-4BE4-4C46-8FEC-B33A024B2EED','Unisex','B1B8902C-7D86-4BE0-BB9A-BF7E08BFD6C8',GetDate(),1,1,0,'A'),
('9B961792-D3F4-4D17-B724-0915C324563B','Hand Care','B7A9CFB1-85C3-4A36-87AC-7E12E26034C8',GetDate(),1,1,0,'A'),
('BA599DED-58B3-4F1F-A7E7-CE0B173DC1B4','Talcum Powder','B7A9CFB1-85C3-4A36-87AC-7E12E26034C8',GetDate(),1,1,0,'A'),
('E3AA992B-FC2B-4B8D-B7A2-E0AC55BBE1A4','Foot Care','B7A9CFB1-85C3-4A36-87AC-7E12E26034C8',GetDate(),1,1,0,'A'),
('E6C4AE5B-16A6-4409-8902-D22640370C55','Body Moisturizers','B7A9CFB1-85C3-4A36-87AC-7E12E26034C8',GetDate(),1,1,0,'A'),
('44F8E255-716A-4A2D-9B5F-9C4CA8850B48','Hair Removal','B7A9CFB1-85C3-4A36-87AC-7E12E26034C8',GetDate(),1,1,0,'A'),
('E7BAE35F-FE2C-4C3D-B22B-9777A5974734','Body Soaps & Shower Gels','B7A9CFB1-85C3-4A36-87AC-7E12E26034C8',GetDate(),1,1,0,'A'),
('6F00E7B3-55F4-4FBD-A8CE-B69ED91F6E02','Body Scrubs','B7A9CFB1-85C3-4A36-87AC-7E12E26034C8',GetDate(),1,1,0,'A'),
('F093A4C3-B71B-420E-AF9E-EBF4E3742B5E','Bath & Body Accessories','B7A9CFB1-85C3-4A36-87AC-7E12E26034C8',GetDate(),1,1,0,'A'),
('8E255AA7-5A24-4966-A158-9E727A0F9F48','Body & Massage Oils','B7A9CFB1-85C3-4A36-87AC-7E12E26034C8',GetDate(),1,1,0,'A'),
('BE27B5D6-0B9F-4D5E-BAC9-85CF7AD22263','Lubricants','C0F6C9AE-1C48-4E7F-A4B7-52B6D90D76F0',GetDate(),1,1,0,'A'),
('8C1D9895-89AD-4FBB-B92E-F73380D84EFD','Condoms','C0F6C9AE-1C48-4E7F-A4B7-52B6D90D76F0',GetDate(),1,1,0,'A'),
('1927D186-DAF3-4BFB-A7E6-73909F19E6B3','Moisturizers and Cream','C59E4791-24D5-4698-A54A-39A8819BEBCB',GetDate(),1,1,0,'A'),
('E5FA692D-5953-48F2-8D6F-471EC833A6B5','Lip Balm & Treatment','C59E4791-24D5-4698-A54A-39A8819BEBCB',GetDate(),1,1,0,'A'),
('0182DA28-B992-4F02-8F44-94B4B65FAD8F','Sunscreen & Aftersun','C59E4791-24D5-4698-A54A-39A8819BEBCB',GetDate(),1,1,0,'A'),
('5A0F6AE8-DAAB-47D1-BD56-FC1EC0B7F8F1','Face Mask & Packs','C59E4791-24D5-4698-A54A-39A8819BEBCB',GetDate(),1,1,0,'A'),
('9AFCBDF0-2A12-43AF-8E4B-4DA3E9D75367','Face Scrubs & Exfoliators','C59E4791-24D5-4698-A54A-39A8819BEBCB',GetDate(),1,1,0,'A'),
('3DE5F2A2-C0A5-490B-927F-3ED603EFD9BE','Facial Cleansers','C59E4791-24D5-4698-A54A-39A8819BEBCB',GetDate(),1,1,0,'A'),
('FFCF05E2-BAAE-48A5-AFC4-EA8DFD2B249D','Toner & Mists','C59E4791-24D5-4698-A54A-39A8819BEBCB',GetDate(),1,1,0,'A'),
('DB03C8EB-E1F2-4267-84FB-9E30707D657E','Serum & Essence','C59E4791-24D5-4698-A54A-39A8819BEBCB',GetDate(),1,1,0,'A'),
('2CE02CCB-54E4-4BE2-9BA0-77669FF64A56','Eye Care','C59E4791-24D5-4698-A54A-39A8819BEBCB',GetDate(),1,1,0,'A'),
('BF35B7B8-08C7-48C8-9B55-6F7A915EB9D2','Newborn','C6BB7A6F-FE6D-4857-AC26-62D27A6102A2',GetDate(),1,1,0,'A'),
('A16BC2B7-91A5-4AA5-A0A5-6CC97336B7B1','Accessories','C6BB7A6F-FE6D-4857-AC26-62D27A6102A2',GetDate(),1,1,0,'A'),
('6C37F708-C9AF-4AD3-91A8-5D90E60DE45D','New born sets & Packs','C6BB7A6F-FE6D-4857-AC26-62D27A6102A2',GetDate(),1,1,0,'A'),
('26871578-08C3-4E3A-90D6-6BFCB018147A','Girls (Under 3 Years)','C6BB7A6F-FE6D-4857-AC26-62D27A6102A2',GetDate(),1,1,0,'A'),
('1D5AA50A-4EAF-4F21-A96B-1B7B35A7D7B3','Boys (Under 3 Years)','C6BB7A6F-FE6D-4857-AC26-62D27A6102A2',GetDate(),1,1,0,'A'),
('B48D28A0-50FB-4D68-8A2C-6C44F3CA21D7','New born bodysuits','C6BB7A6F-FE6D-4857-AC26-62D27A6102A2',GetDate(),1,1,0,'A'),
('1FF0B764-C76F-40F6-AD10-4D97AEDE08B0','Pregnancy Pillows','D0E0F2B4-CA3F-4A65-AE92-F1B148AA7F43',GetDate(),1,1,0,'A'),
('1B21AA21-3C57-4CDE-80C1-BBE6AC3EACFA','Maternity Accessories','D0E0F2B4-CA3F-4A65-AE92-F1B148AA7F43',GetDate(),1,1,0,'A'),
('EE543B87-37B8-4068-B615-7B25F29E9E9B','Breast Pumps','D0E0F2B4-CA3F-4A65-AE92-F1B148AA7F43',GetDate(),1,1,0,'A'),
('3E7726DE-AD0D-4741-BDD0-E3EC1C56E45D','Nursing Covers','D0E0F2B4-CA3F-4A65-AE92-F1B148AA7F43',GetDate(),1,1,0,'A'),
('3FFB365B-2BB5-4D1A-BE11-7F2DCCAF15BD','Maternity Wear','D0E0F2B4-CA3F-4A65-AE92-F1B148AA7F43',GetDate(),1,1,0,'A'),
('0C9A1B13-510B-4C3B-91A3-8AB4A09C6BC8','Nipple Care','D0E0F2B4-CA3F-4A65-AE92-F1B148AA7F43',GetDate(),1,1,0,'A'),
('B199CE16-FC83-4B5B-BC26-3BB67EB25854','Breast Shells','D0E0F2B4-CA3F-4A65-AE92-F1B148AA7F43',GetDate(),1,1,0,'A'),
('C6824329-4281-4A8D-A6D4-BF512D21F2DE','Backpacks & Carriers','e7a67a62-5c2a-4f9a-b27c-f9de3cc84a83',GetDate(),1,1,0,'A'),
('8B0BCB0B-CFA6-4B8C-B25F-71B489A01F49','Swings, Jumpers & Bouncers','e7a67a62-5c2a-4f9a-b27c-f9de3cc84a83',GetDate(),1,1,0,'A'),
('E87165C6-06BA-4692-AB71-4A1ACEC0E6BC','Harnesses & Leashes','e7a67a62-5c2a-4f9a-b27c-f9de3cc84a83',GetDate(),1,1,0,'A'),
('C9AE2D6E-B43F-4F34-89AB-BBFDAEBE4D2F','Walkers','e7a67a62-5c2a-4f9a-b27c-f9de3cc84a83',GetDate(),1,1,0,'A'),
('B6F5D7E7-B079-4373-A75B-6D5094F988B8','Car Seats','e7a67a62-5c2a-4f9a-b27c-f9de3cc84a83',GetDate(),1,1,0,'A'),
('20D2D6FD-89F3-4B40-8AB7-7B908F95C635','Strollers','e7a67a62-5c2a-4f9a-b27c-f9de3cc84a83',GetDate(),1,1,0,'A'),
('63C5A8B8-5A29-49DF-8193-36D28C61E3FB','Highchairs & Booster Seats','e7a67a62-5c2a-4f9a-b27c-f9de3cc84a83',GetDate(),1,1,0,'A'),
('3F749C6E-80C3-445A-BD80-EFA6DBA78D60','Baby Safety','e7a67a62-5c2a-4f9a-b27c-f9de3cc84a83',GetDate(),1,1,0,'A'),
('F9BBF593-78FF-4D38-9E1E-51417D7357AC','Baby Monitor','e7a67a62-5c2a-4f9a-b27c-f9de3cc84a83',GetDate(),1,1,0,'A'),
('F994BFD8-3098-4E86-B7F0-D6C92667AEE8','Kids Bag','e7a67a62-5c2a-4f9a-b27c-f9de3cc84a83',GetDate(),1,1,0,'A'),
('6D2B7919-6E86-43B4-BCC6-B390F9648F5E','Play Vehicles','62e34366-48e5-4c1e-bf15-0f1726eccecc',GetDate(),1,1,0,'A'),
('65E4E4A5-2E60-4B49-B095-2C56E71CC828','RC Vehicles & Batteries','62e34366-48e5-4c1e-bf15-0f1726eccecc',GetDate(),1,1,0,'A'),
('F6B65D67-774F-4BFA-B093-E4BA1B3B7CF8','Drones & Accessories','62e34366-48e5-4c1e-bf15-0f1726eccecc',GetDate(),1,1,0,'A'),
('00E5AC35-337E-46B0-B9D6-985B171E66B5','Die-Cast Vehicles','62e34366-48e5-4c1e-bf15-0f1726eccecc',GetDate(),1,1,0,'A'),
('00F337A6-1A86-4B9E-92C8-3A64C92B03D0','Play Trains & Railway Sets','62e34366-48e5-4c1e-bf15-0f1726eccecc',GetDate(),1,1,0,'A'),
('37372c96-2d1f-4d4e-bdd0-32fb50b74ccc','Bottle-Feeding','c58ab3b8-6cc1-4d7e-8287-650ff3250734',GetDate(),1,1,0,'A'),
('eb4a2c81-7596-43f9-b09e-878ad37246b6','Breastfeeding','c58ab3b8-6cc1-4d7e-8287-650ff3250734',GetDate(),1,1,0,'A'),
('0cbba760-80db-4e05-80fd-5bef5e36e1c3','Food Blenders','c58ab3b8-6cc1-4d7e-8287-650ff3250734',GetDate(),1,1,0,'A'),
('3384b4d8-bfc6-4487-9205-63ef87c8876f','Utensils','c58ab3b8-6cc1-4d7e-8287-650ff3250734',GetDate(),1,1,0,'A'),
('6b81a60f-ecac-4683-b3de-3b8dd8950ce6','Pacifiers & Teethers','c58ab3b8-6cc1-4d7e-8287-650ff3250734',GetDate(),1,1,0,'A'),
('ac8804a4-21df-434d-8b5c-1510b6f73ce7','Toddler Milk (1 - under 3 yrs)','6b80332d-69f5-4ef5-9b3e-80cc18231269',GetDate(),1,1,0,'A'),
('1d894542-2e41-40b4-9068-afcd7c1b22e7','Maternal','6b80332d-69f5-4ef5-9b3e-80cc18231269',GetDate(),1,1,0,'A'),
('6e35c672-a20d-4235-a623-ad1e8117c4da','Infant Milk (0-6 Months)','6b80332d-69f5-4ef5-9b3e-80cc18231269',GetDate(),1,1,0,'A'),
('691c81bb-9e69-4d26-86da-346ef98f2e41','Infant Milk (6-12 Months)','6b80332d-69f5-4ef5-9b3e-80cc18231269',GetDate(),1,1,0,'A'),
('a2873930-5d30-4d1f-9a4e-71e62668501e','Growing-up Milk (3yrs +)','6b80332d-69f5-4ef5-9b3e-80cc18231269',GetDate(),1,1,0,'A'),
('fa6cc260-5e38-4470-8e9b-9b66ee6a2070','Baby & Toddler Foods','6b80332d-69f5-4ef5-9b3e-80cc18231269',GetDate(),1,1,0,'A'),
('c0f3541d-4cc1-4b81-a86f-d68b86462537','Disposable diapers','af8f83f0-b4f3-441a-9b28-d1478b799a84',GetDate(),1,1,0,'A'),
('66967eab-6dac-4391-9216-d397514f3f0e','Diaper Bags','af8f83f0-b4f3-441a-9b28-d1478b799a84',GetDate(),1,1,0,'A'),
('b4733098-be5f-4eba-a93c-3b7e48788a5f','Diapering Care','af8f83f0-b4f3-441a-9b28-d1478b799a84',GetDate(),1,1,0,'A'),
('48e9bb25-2ab7-4131-97ca-3e14e4e43ce0','Changing Tables, Pads & Kits','af8f83f0-b4f3-441a-9b28-d1478b799a84',GetDate(),1,1,0,'A'),
('07e4ef71-994a-436a-a251-3399079e7e4c','Cloth Diapers & Accessories','af8f83f0-b4f3-441a-9b28-d1478b799a84',GetDate(),1,1,0,'A'),
('e269b5f2-b031-478c-b8f7-a15c347b6367','Wipes & Holders','af8f83f0-b4f3-441a-9b28-d1478b799a84',GetDate(),1,1,0,'A'),
('2dd1e598-a15b-4810-a20d-71f4e176fe21','Potty Training','af8f83f0-b4f3-441a-9b28-d1478b799a84',GetDate(),1,1,0,'A'),
('84b6a5f2-ddc8-4c90-b8af-52e0ea6cf130','Storage & Organization','634512ff-d017-4997-86af-c9db26d615e6',GetDate(),1,1,0,'A'),
('364351a1-a5e5-4def-8d06-8d764adab05f','Nursery Decor','634512ff-d017-4997-86af-c9db26d615e6',GetDate(),1,1,0,'A'),
('5bdc14fd-8218-4d84-98d6-199059700b78','Baby Furniture','634512ff-d017-4997-86af-c9db26d615e6',GetDate(),1,1,0,'A'),
('b17b20e6-6462-4acc-9fe6-6db87ffd8cfd','Mattresses & Bedding','634512ff-d017-4997-86af-c9db26d615e6',GetDate(),1,1,0,'A'),
('d69b6525-3653-4cc4-9c45-63f56454ab03','Inflatable Bouncers','01c5808a-5fc6-4d93-9449-48dc871c6b2d',GetDate(),1,1,0,'A'),
('33e261ba-5983-4a64-a447-b253c4ed67ad','Fidget Spinners','01c5808a-5fc6-4d93-9449-48dc871c6b2d',GetDate(),1,1,0,'A'),
('92853a1f-6b27-4dfe-92f5-a9561503ac79','Swimming Pool & Water Toys','01c5808a-5fc6-4d93-9449-48dc871c6b2d',GetDate(),1,1,0,'A'),
('fa845098-4ef5-42c0-bf0d-f8297ab13025','Activity Gym & Playmats','a24b6279-bf94-48cc-918a-8f3bc663b7cb',GetDate(),1,1,0,'A'),
('65941807-3713-4ca2-b2dc-20a573ce60d7','Bath Toys','a24b6279-bf94-48cc-918a-8f3bc663b7cb',GetDate(),1,1,0,'A'),
('861b3bd5-57a8-4c24-b345-90dc8a9e8362','Crib Toys & Attachments','a24b6279-bf94-48cc-918a-8f3bc663b7cb',GetDate(),1,1,0,'A'),
('84596b84-dcbe-4f22-b818-e3935fa193c7','Push & Pull Toys','a24b6279-bf94-48cc-918a-8f3bc663b7cb',GetDate(),1,1,0,'A'),
('c01e7a5a-fc80-4492-b90a-f0153bd79fbb','Music & Sound','a24b6279-bf94-48cc-918a-8f3bc663b7cb',GetDate(),1,1,0,'A'),
('96c512a5-166d-46eb-ab76-a4fb98e0fc82','Early Development Toys','a24b6279-bf94-48cc-918a-8f3bc663b7cb',GetDate(),1,1,0,'A'),
('773e7d13-e402-423d-9dee-be2b3da7a6c6','Rattles','a24b6279-bf94-48cc-918a-8f3bc663b7cb',GetDate(),1,1,0,'A'),
('63089cea-e15c-438b-a1ff-5ab888d749bc','Building Blocks Toys','a24b6279-bf94-48cc-918a-8f3bc663b7cb',GetDate(),1,1,0,'A'),
('d54f1444-19d7-44d1-820b-c2f73293daef','Shampoo & Conditioners','f5f598cb-1dc4-4e5a-9b29-6651c3023d27',GetDate(),1,1,0,'A'),
('875c9196-c5b9-4a9e-aeea-c94cb766bd26','Bathing Tubs & Seats','f5f598cb-1dc4-4e5a-9b29-6651c3023d27',GetDate(),1,1,0,'A'),
('9d206f56-992b-4275-97cb-a0a4491a1c09','Grooming & Healthcare Kits','f5f598cb-1dc4-4e5a-9b29-6651c3023d27',GetDate(),1,1,0,'A'),
('cec485d2-28f9-497f-b210-ea6c724b653a','Baby Bath Mats','f5f598cb-1dc4-4e5a-9b29-6651c3023d27',GetDate(),1,1,0,'A'),
('d7e7f982-27df-465f-9892-d23de40d098b','Skin Care','f5f598cb-1dc4-4e5a-9b29-6651c3023d27',GetDate(),1,1,0,'A'),
('d3170f0c-9414-4844-a578-ae08c6105438','Soaps, Cleansers & Bodywash','f5f598cb-1dc4-4e5a-9b29-6651c3023d27',GetDate(),1,1,0,'A'),
('ca172147-81aa-4564-aa2c-7f6de8f874b6','Washcloths & Towels','f5f598cb-1dc4-4e5a-9b29-6651c3023d27',GetDate(),1,1,0,'A'),
('ce9e2c53-a923-406e-8eec-fa71ce75b959','Toothbrushes & Toothpaste','f5f598cb-1dc4-4e5a-9b29-6651c3023d27',GetDate(),1,1,0,'A'),
('8eed3a16-d7c0-411b-b3c5-ec21f77a5b83','Stuffed Toys','16ab4a9b-12e3-4b26-a590-6bb3a3314e2f',GetDate(),1,1,0,'A'),
('93ee8ddc-8ae1-4288-813b-6af5e0a73935','Puzzle & Boardgames','16ab4a9b-12e3-4b26-a590-6bb3a3314e2f',GetDate(),1,1,0,'A'),
('3ad06a19-f471-414d-b684-48b2a38a24a5','Pretend Play','16ab4a9b-12e3-4b26-a590-6bb3a3314e2f',GetDate(),1,1,0,'A'),
('f229eef2-6c3d-4951-ab0f-3475bbaf5751','Slime & Squishy Toys','16ab4a9b-12e3-4b26-a590-6bb3a3314e2f',GetDate(),1,1,0,'A'),
('abb66351-789f-404a-abff-672a8717c5a5','Learning & Education','16ab4a9b-12e3-4b26-a590-6bb3a3314e2f',GetDate(),1,1,0,'A'),
('96579401-f10c-44d9-98de-146892b6ce19','Blocks & Building toys','16ab4a9b-12e3-4b26-a590-6bb3a3314e2f',GetDate(),1,1,0,'A'),
('543db63c-62d1-49d7-a667-efd61be319cb','Dolls & Accessories','16ab4a9b-12e3-4b26-a590-6bb3a3314e2f',GetDate(),1,1,0,'A'),
('68ed8eec-d3e4-4a7d-8c36-59e837cd8b11','Action Figures & Collectibles','16ab4a9b-12e3-4b26-a590-6bb3a3314e2f',GetDate(),1,1,0,'A'),
('f30aea79-3e12-4426-b56c-15efd1cfce14','Arts & Crafts for Kids','16ab4a9b-12e3-4b26-a590-6bb3a3314e2f',GetDate(),1,1,0,'A'),
('c811702a-dded-40d4-82e7-99e4f2fff9b4','Feature Phones','be3144ad-6af2-4e7f-8ae7-4ff1601cbf94',GetDate(),1,1,0,'A'),
('c1f5ca3e-1216-4b38-9038-4c107719e9f9','Like New Phones','33a4f358-7b90-4e6e-9b77-1e92e64a5063',GetDate(),1,1,0,'A'),
('6c82490c-67cb-4ea1-9bd1-4966f7415ebf','Like New Smartwatches','33a4f358-7b90-4e6e-9b77-1e92e64a5063',GetDate(),1,1,0,'A'),
('0324b088-ad95-456b-ad81-6e6f22e5a3df','Like New Laptops','33a4f358-7b90-4e6e-9b77-1e92e64a5063',GetDate(),1,1,0,'A'),
('fb5a2482-1323-449c-b6cf-1d5dda0ef8c9','Like New Tablets','33a4f358-7b90-4e6e-9b77-1e92e64a5063',GetDate(),1,1,0,'A'),
('c4f8eea4-72fe-4e63-9c69-440acf5bf488','Like New Speakers','33a4f358-7b90-4e6e-9b77-1e92e64a5063',GetDate(),1,1,0,'A'),
('c30ed3a5-945f-4af0-b6e2-9be7cb5f107e','Like New Airbuds','33a4f358-7b90-4e6e-9b77-1e92e64a5063',GetDate(),1,1,0,'A'),
('8fa7f020-4e46-4a53-addb-71a66d807d06','IP Security Cameras','1f4c5941-4d2a-44df-a002-52b052316188',GetDate(),1,1,0,'A'),
('ce13d529-40d8-44b9-81f4-83f028f4457d','Playstation Games','dd5999cb-efac-44cc-bdde-417330d0ffec',GetDate(),1,1,0,'A'),
('bf29f8eb-7919-4a25-80c5-7733259180c1','PlayStation Consoles','dd5999cb-efac-44cc-bdde-417330d0ffec',GetDate(),1,1,0,'A'),
('a78da204-33d6-4964-8ef7-23847d4e4355','Playstation Controllers','dd5999cb-efac-44cc-bdde-417330d0ffec',GetDate(),1,1,0,'A'),
('09701d12-03cf-46c8-823c-0677fcfce148','Nintendo Games','dd5999cb-efac-44cc-bdde-417330d0ffec',GetDate(),1,1,0,'A'),
('ef53fcc0-6b76-45d5-a84a-2c0bb9ff5a1e','Xbox Games','dd5999cb-efac-44cc-bdde-417330d0ffec',GetDate(),1,1,0,'A'),
('4f14af1b-01e2-4a14-9ad7-10441d6a95e5','Nokia Mobiles','a42e0cc4-f81b-4d90-94cc-64a589250aa7',GetDate(),1,1,0,'A'),
('b7558603-87ae-4977-bcee-4a6c96262cdc','Honor Mobiles','a42e0cc4-f81b-4d90-94cc-64a589250aa7',GetDate(),1,1,0,'A'),
('0b89352a-af0f-472b-9ca0-2900a20df439','Infinix Mobiles','a42e0cc4-f81b-4d90-94cc-64a589250aa7',GetDate(),1,1,0,'A'),
('bdd36022-b212-41b0-8bfa-d3a7d8460e83','Realme Mobiles','a42e0cc4-f81b-4d90-94cc-64a589250aa7',GetDate(),1,1,0,'A'),
('5d400516-81ea-451b-b024-0826c4d27ddd','Redmi Mobiles','a42e0cc4-f81b-4d90-94cc-64a589250aa7',GetDate(),1,1,0,'A'),
('96759495-1d15-4f5c-915b-3ea0d56cb754','Oneplus Mobiles','a42e0cc4-f81b-4d90-94cc-64a589250aa7',GetDate(),1,1,0,'A'),
('cd3fe644-dd22-40e2-b26d-9c6d3e2112b3','Oppo Mobile Phones','a42e0cc4-f81b-4d90-94cc-64a589250aa7',GetDate(),1,1,0,'A'),
('f4cf6ff8-034f-420e-9ba4-aaf97dd9cc78','Apple iPhones','a42e0cc4-f81b-4d90-94cc-64a589250aa7',GetDate(),1,1,0,'A'),
('381d85bf-1971-41b1-b228-eaf0d7c7fc38','Tecno Mobiles','a42e0cc4-f81b-4d90-94cc-64a589250aa7',GetDate(),1,1,0,'A'),
('0eeec478-58ec-4ced-ace5-35d61337ea3b','Samsung Mobile Phones','a42e0cc4-f81b-4d90-94cc-64a589250aa7',GetDate(),1,1,0,'A'),
('6d07f23c-3e6f-46bf-bc4b-c560c3a266ff','Vivo Mobiles','a42e0cc4-f81b-4d90-94cc-64a589250aa7',GetDate(),1,1,0,'A'),
('44fe0c85-1ba9-4ea0-a6aa-fa7a222ce3e4','Drones','2f27089d-4e7f-4698-9f06-4821dc01c62d',GetDate(),1,1,0,'A'),
('ec2072cd-f66d-465b-8f5e-7db8ddae4049','Point & Shoot','2f27089d-4e7f-4698-9f06-4821dc01c62d',GetDate(),1,1,0,'A'),
('7464fbf4-1a92-496c-b017-7abaed73fa51','DSLR','2f27089d-4e7f-4698-9f06-4821dc01c62d',GetDate(),1,1,0,'A'),
('0ebd4be2-f3a3-4378-9da7-7684d68492a1','Instant Cameras','2f27089d-4e7f-4698-9f06-4821dc01c62d',GetDate(),1,1,0,'A'),
('d2ec4fa8-15ec-4560-92b4-f5e6bcd6b15f','Video Camera','2f27089d-4e7f-4698-9f06-4821dc01c62d',GetDate(),1,1,0,'A'),
('5a297088-7b30-4cd1-80e3-a15a58c0e629','Smart Watches','03f75c06-458f-4b34-b184-94093ec83f84',GetDate(),1,1,0,'A'),
('ef6ffd19-7b1b-4116-89ee-7f4692d6da0b','Monitors','27ad1c52-4033-4d69-9612-e7a6d947b1f5',GetDate(),1,1,0,'A'),
('7e8fee80-7066-4c18-a348-fb1ceb4cdf6b','Landline Phones','bc1cd657-f8e5-42a0-97e3-e5b4d586cb9f',GetDate(),1,1,0,'A'),
('57afc2f1-c1c6-4629-beaf-91bf9a5cc1be','Refurbished Laptops','c2905694-6a12-4b72-a3cc-785a51a5296d',GetDate(),1,1,0,'A'),
('be806cd9-f0a1-4414-a71e-37d140263bf4','Traditional Laptops','c2905694-6a12-4b72-a3cc-785a51a5296d',GetDate(),1,1,0,'A'),
('b9f68fcd-744f-4d01-a3d9-921b1037761d','All-In-One','90a4d84e-c08a-4cc0-ae82-2f60db7a15ae',GetDate(),1,1,0,'A'),
('167c72c7-853b-4cd6-ac05-32270e23408a','Other Frozen Food','b38f142c-79ae-40e7-a9f5-8f0e4a184fad',GetDate(),1,1,0,'A'),
('2cc787e1-c6e0-4c7b-a2ef-71829113756d','Chicken','b38f142c-79ae-40e7-a9f5-8f0e4a184fad',GetDate(),1,1,0,'A'),
('588b6f88-2f63-4fde-a3bc-842b3da058de','Beef','b38f142c-79ae-40e7-a9f5-8f0e4a184fad',GetDate(),1,1,0,'A'),
('f6af9d01-286e-4da5-9acc-d8c7842d9f0f','Bowls & Feeders','0b587a38-1a6d-4894-87df-7eb75c12c8ff',GetDate(),1,1,0,'A'),
('af203b0b-0778-435f-98e2-a0868533479b','Beds, Mats & Houses','0b587a38-1a6d-4894-87df-7eb75c12c8ff',GetDate(),1,1,0,'A'),
('f0f83225-8a04-4e7e-b290-a538cfdfa8c5','Cages, Crates & Doors','0b587a38-1a6d-4894-87df-7eb75c12c8ff',GetDate(),1,1,0,'A'),
('71499d1c-8437-4762-a96b-b93d7cd5804d','Fleas & Ticks','0b587a38-1a6d-4894-87df-7eb75c12c8ff',GetDate(),1,1,0,'A'),
('e898ec33-7a11-4714-851c-29e6a0a9f66d','Leashes, Collars & Muzzles','0b587a38-1a6d-4894-87df-7eb75c12c8ff',GetDate(),1,1,0,'A'),
('a5a27eee-9333-4151-aa3e-8bd19b8030d2','Carriers & Travel','0b587a38-1a6d-4894-87df-7eb75c12c8ff',GetDate(),1,1,0,'A'),
('47b90c75-53ac-4086-b1b7-11d68b3923e3','Treats','0b587a38-1a6d-4894-87df-7eb75c12c8ff',GetDate(),1,1,0,'A'),
('bf879daa-25cb-457e-8c91-83394bc00eed','Food','0b587a38-1a6d-4894-87df-7eb75c12c8ff',GetDate(),1,1,0,'A'),
('f347d357-6871-44ce-aa8e-d2d726498daf','Grooming','0b587a38-1a6d-4894-87df-7eb75c12c8ff',GetDate(),1,1,0,'A'),
('9bcb8854-330a-470e-a21b-8d788df6e8f8','Toys','0b587a38-1a6d-4894-87df-7eb75c12c8ff',GetDate(),1,1,0,'A'),
('0c0e6b0e-1831-4d13-9fb9-58d147bc3384','Trees, Condos & Scratchers','904145f4-e7a8-4ccf-9507-7be217b2f963',GetDate(),1,1,0,'A'),
('aaf243ab-3187-46eb-a298-e510e127aab5','Bowls & Feeders','904145f4-e7a8-4ccf-9507-7be217b2f963',GetDate(),1,1,0,'A'),
('172cb110-0ea6-460c-9a34-33ddb7986be7','Beds, Mats & Houses','904145f4-e7a8-4ccf-9507-7be217b2f963',GetDate(),1,1,0,'A'),
('1fb9c022-4aac-4457-955b-26c77da292f0','Cages, Crates & Doors','904145f4-e7a8-4ccf-9507-7be217b2f963',GetDate(),1,1,0,'A'),
('d26176fd-b3b6-4eb7-9916-8b3087a3dfce','Carriers & Travel','904145f4-e7a8-4ccf-9507-7be217b2f963',GetDate(),1,1,0,'A'),
('fc830ea8-451c-4244-bd41-812bd4ab17a6','Toys','904145f4-e7a8-4ccf-9507-7be217b2f963',GetDate(),1,1,0,'A'),
('83aad4ab-884a-4c1f-8301-32e770569bf9','Cat Treats','904145f4-e7a8-4ccf-9507-7be217b2f963',GetDate(),1,1,0,'A'),
('b79d09bb-9022-404e-b1e6-28361c6bdd8e','Grooming','904145f4-e7a8-4ccf-9507-7be217b2f963',GetDate(),1,1,0,'A'),
('9c1382ef-7872-4d50-9a54-90f36606f2bf','Food','904145f4-e7a8-4ccf-9507-7be217b2f963',GetDate(),1,1,0,'A'),
('21cb6714-8cc9-45f0-bac6-7c4b97667306','Litter & Toilet','904145f4-e7a8-4ccf-9507-7be217b2f963',GetDate(),1,1,0,'A'),
('e33b2d11-373f-4ce1-96d5-46e7b3369b35','Cakes & Sweets','fdbe12f6-bbb3-48c5-a05e-f1e005e22c01',GetDate(),1,1,0,'A'),
('71516316-cd7b-443c-b36c-225057e98fd1','Jams, Honey & Spreads','fdbe12f6-bbb3-48c5-a05e-f1e005e22c01',GetDate(),1,1,0,'A'),
('e414fd9c-1ce2-444c-bbe5-9417180675dc','Oatmeals','fdbe12f6-bbb3-48c5-a05e-f1e005e22c01',GetDate(),1,1,0,'A'),
('7ed4d56d-bc07-4384-96cd-ac1d5175d225','Breakfast Cereals','fdbe12f6-bbb3-48c5-a05e-f1e005e22c01',GetDate(),1,1,0,'A'),
('dcbdde2b-04ea-4bff-8a4e-2cb40881d8b2','Pancake & Waffle Mixes','fdbe12f6-bbb3-48c5-a05e-f1e005e22c01',GetDate(),1,1,0,'A'),
('e0d74c6f-6e22-40e9-8f97-bd3a0701825c','Breakfast Bars','fdbe12f6-bbb3-48c5-a05e-f1e005e22c01',GetDate(),1,1,0,'A'),
('61d2e95d-bbfb-4697-93de-05360d43ca24','Instant Breakfast Drinks','fdbe12f6-bbb3-48c5-a05e-f1e005e22c01',GetDate(),1,1,0,'A'),
('b208199f-d408-4ea1-9f80-dfac56e28c28','Nuts & Legumes','fdbe12f6-bbb3-48c5-a05e-f1e005e22c01',GetDate(),1,1,0,'A'),
('321020df-c389-404a-ae29-40d6f5d23a5c','Biscuit & Cookies','fdbe12f6-bbb3-48c5-a05e-f1e005e22c01',GetDate(),1,1,0,'A'),
('4ffdd1e7-052b-4d37-8291-19797e91535b','Chocolate & Candy','fdbe12f6-bbb3-48c5-a05e-f1e005e22c01',GetDate(),1,1,0,'A'),
('d3ef255f-f203-41fb-b820-130f4d649601','Chewing Gums & Mints','fdbe12f6-bbb3-48c5-a05e-f1e005e22c01',GetDate(),1,1,0,'A'),
('70464236-eecc-4177-a7e9-7c6208e28513','Chips & Crisps','fdbe12f6-bbb3-48c5-a05e-f1e005e22c01',GetDate(),1,1,0,'A'),
('1630e4d2-eee2-4949-be45-f35dd1da90aa','Soft Drinks','a0b62e1e-b05b-4651-ae9f-20eecb66334d',GetDate(),1,1,0,'A'),
('216c5fcc-8a61-4a7c-8f39-c56f5fa5050d','Water','a0b62e1e-b05b-4651-ae9f-20eecb66334d',GetDate(),1,1,0,'A'),
('36c67a7c-bf0e-4fbe-b396-1efd0c2354fa','UHT, Milk & Milk Powder','a0b62e1e-b05b-4651-ae9f-20eecb66334d',GetDate(),1,1,0,'A'),
('dbf6efb4-25b7-4bc0-bb8d-32c0cff82d05','Juices','a0b62e1e-b05b-4651-ae9f-20eecb66334d',GetDate(),1,1,0,'A'),
('2e7ca848-ff5e-4782-917a-85816a4e14d9','Coffee','a0b62e1e-b05b-4651-ae9f-20eecb66334d',GetDate(),1,1,0,'A'),
('7548289c-5456-4bc3-a762-7d829958907d','Powdered Drinks','a0b62e1e-b05b-4651-ae9f-20eecb66334d',GetDate(),1,1,0,'A'),
('1cb09873-d59c-425f-95a6-0a4996fab193','Tea','a0b62e1e-b05b-4651-ae9f-20eecb66334d',GetDate(),1,1,0,'A'),
('452ec3aa-8e78-432b-ade8-4e0c6df407f3','Flavoring Syrup','a0b62e1e-b05b-4651-ae9f-20eecb66334d',GetDate(),1,1,0,'A'),
('120dee92-e655-4d6e-a62e-d5a15837645c','Condiment Dressing','1444eac5-1e86-4631-9f3d-2f3db86d95b2',GetDate(),1,1,0,'A'),
('7b81703e-e1bd-48ce-bd85-528126ece1e2','Home Baking & Sugar','1444eac5-1e86-4631-9f3d-2f3db86d95b2',GetDate(),1,1,0,'A'),
('209551cb-f4aa-49c3-b14f-db54aee1703b','Cooking Ingredients','1444eac5-1e86-4631-9f3d-2f3db86d95b2',GetDate(),1,1,0,'A'),
('9f6eebf6-b3b4-4d34-81f6-d21b38aa8766','Noodles & Pasta','1444eac5-1e86-4631-9f3d-2f3db86d95b2',GetDate(),1,1,0,'A'),
('29c169bd-765e-4d88-bc0d-1ef4aa7a23f5','Jarred Food','1444eac5-1e86-4631-9f3d-2f3db86d95b2',GetDate(),1,1,0,'A'),
('18698205-2faa-4edd-a0e8-c328b94f6369','Canned Food','1444eac5-1e86-4631-9f3d-2f3db86d95b2',GetDate(),1,1,0,'A'),
('78454170-e857-4eb4-8e7e-845623e0e445','Instant & Ready-to-Eat','1444eac5-1e86-4631-9f3d-2f3db86d95b2',GetDate(),1,1,0,'A'),
('6cd41aae-dd63-4a7f-a4cc-1071d3950d5d','Grains, Beans & Pulses','1444eac5-1e86-4631-9f3d-2f3db86d95b2',GetDate(),1,1,0,'A'),
('fca97ed2-90a2-46c8-807d-2e8d507a3037','Rice','1444eac5-1e86-4631-9f3d-2f3db86d95b2',GetDate(),1,1,0,'A'),
('910059e6-6059-4416-889f-0fb00e093c42','Oil','1444eac5-1e86-4631-9f3d-2f3db86d95b2',GetDate(),1,1,0,'A'),
('6743ae79-8b5c-40b3-9c58-6e3cf19006db','Laundry','79eaa255-35bb-4f58-825f-7a6dcd9b36b6',GetDate(),1,1,0,'A'),
('112cddbd-5382-420b-a650-896838402a4f','Pest Control','79eaa255-35bb-4f58-825f-7a6dcd9b36b6',GetDate(),1,1,0,'A'),
('8de16fd8-590c-42bf-8ad5-40acdbec2dd1','Tissue Paper','79eaa255-35bb-4f58-825f-7a6dcd9b36b6',GetDate(),1,1,0,'A'),
('d6e0f3b5-a4b4-41ef-beec-9c50d9aa7e4e','Cleaning','79eaa255-35bb-4f58-825f-7a6dcd9b36b6',GetDate(),1,1,0,'A'),
('0880d3a6-8ea2-4a6f-85a9-7e0360be100d','AirCare','79eaa255-35bb-4f58-825f-7a6dcd9b36b6',GetDate(),1,1,0,'A'),
('5f2f433e-47cb-4a3f-8cbf-140954ffd727','Dishwashing','79eaa255-35bb-4f58-825f-7a6dcd9b36b6',GetDate(),1,1,0,'A'),
('956bbbfa-d07b-4264-9eca-49b911d4f2b3','Foils & Cling Films','79eaa255-35bb-4f58-825f-7a6dcd9b36b6',GetDate(),1,1,0,'A'),
('7882d507-b115-45ab-8c61-afe749fa470f','Food','db5b86b1-8f0d-47da-a7c5-e7ff7dc2f671',GetDate(),1,1,0,'A'),
('6df900a7-6eb5-43e2-add5-83fe958bb4d7','Aquarium Water Pumps','db5b86b1-8f0d-47da-a7c5-e7ff7dc2f671',GetDate(),1,1,0,'A'),
('6b363d53-1298-4bd3-a198-bfeee8a65396','Aquarium Decorations','db5b86b1-8f0d-47da-a7c5-e7ff7dc2f671',GetDate(),1,1,0,'A'),
('aeb18e34-8eb9-4ece-a592-c85aa7820cd1','Aquarium Lighting','db5b86b1-8f0d-47da-a7c5-e7ff7dc2f671',GetDate(),1,1,0,'A'),
('20850108-0f6f-4459-94f0-6acc9c2f757b','Aquarium Filters','db5b86b1-8f0d-47da-a7c5-e7ff7dc2f671',GetDate(),1,1,0,'A'),
('f2558077-daca-43e4-a0a5-bb66e7f4f1bd','Aquariums','db5b86b1-8f0d-47da-a7c5-e7ff7dc2f671',GetDate(),1,1,0,'A'),
('7da176e8-35da-461c-9af0-391ff704319a','Starter Kits','db5b86b1-8f0d-47da-a7c5-e7ff7dc2f671',GetDate(),1,1,0,'A'),
('a469f068-c666-480d-8e22-e991b8915697','Aquarium Cleaning Tools','db5b86b1-8f0d-47da-a7c5-e7ff7dc2f671',GetDate(),1,1,0,'A'),
('e075655b-2231-48a0-b08e-5b178f5aa7b6','Aquarium Temp Control','db5b86b1-8f0d-47da-a7c5-e7ff7dc2f671',GetDate(),1,1,0,'A'),
('4bc97b46-6f83-4c14-b85a-cf5a7db7648e','Brushes, Sponges & Wipers','d36df851-8a06-4f82-a805-a50f6a930f18',GetDate(),1,1,0,'A'),
('7270a294-3cb7-436b-bb2c-7987bd369af6','Brooms, Mops & Sweepers','d36df851-8a06-4f82-a805-a50f6a930f18',GetDate(),1,1,0,'A'),
('c86a1fc5-8999-4a05-83ef-865c6662925b','Clothes Line & Drying Racks','d36df851-8a06-4f82-a805-a50f6a930f18',GetDate(),1,1,0,'A'),
('b444e629-af3b-4806-ab36-70a0ad29daff','Ironing Boards','d36df851-8a06-4f82-a805-a50f6a930f18',GetDate(),1,1,0,'A'),
('dc212e6e-ed84-480d-b55c-4bafd9709899','Laundry Baskets & Hampers','d36df851-8a06-4f82-a805-a50f6a930f18',GetDate(),1,1,0,'A'),
('2f01f664-df05-4932-b58e-7f172216691c','Paints','cdbcf44c-2ff8-49b2-92a0-ff740fc27fbe',GetDate(),1,1,0,'A'),
('6c807241-f0c5-497e-ba69-7015610e5f09','Fixtures & Plumbing','cdbcf44c-2ff8-49b2-92a0-ff740fc27fbe',GetDate(),1,1,0,'A'),
('d86b13bb-e032-4fcb-b646-14432da09055','Lawn & Garden','cdbcf44c-2ff8-49b2-92a0-ff740fc27fbe',GetDate(),1,1,0,'A'),
('d54ffe54-397a-4344-9bae-3402bd5f6183','Power Tools','cdbcf44c-2ff8-49b2-92a0-ff740fc27fbe',GetDate(),1,1,0,'A'),
('35bd2180-d84f-4e31-9767-b6dfdb73f400','Security','cdbcf44c-2ff8-49b2-92a0-ff740fc27fbe',GetDate(),1,1,0,'A'),
('884a03ae-f7c6-46ec-bdb7-6fd26046c9dd','Electrical','cdbcf44c-2ff8-49b2-92a0-ff740fc27fbe',GetDate(),1,1,0,'A'),
('23c9f372-de25-45f7-90c3-fc78da1cabbe','Primers','cdbcf44c-2ff8-49b2-92a0-ff740fc27fbe',GetDate(),1,1,0,'A'),
('3705592c-f531-4f6b-90a1-01b204801d42','Hand Tools','cdbcf44c-2ff8-49b2-92a0-ff740fc27fbe',GetDate(),1,1,0,'A'),
('84a8f8ab-26d9-4864-a549-0b1f39fbd917','Home Build Up','cdbcf44c-2ff8-49b2-92a0-ff740fc27fbe',GetDate(),1,1,0,'A'),
('559df208-05e8-40ba-9a40-6a3d8fab3f51','Bathroom Scales','eeb03bb3-f4a0-4f4f-a5c0-b4f9ff62e07c',GetDate(),1,1,0,'A'),
('301c8dee-c0de-4d37-9812-6b55a23d9e79','Towel Rails & Warmers','eeb03bb3-f4a0-4f4f-a5c0-b4f9ff62e07c',GetDate(),1,1,0,'A'),
('717692e4-b16b-4f38-bfa2-00ad734f9bf3','Shower Caddies & Hangers','eeb03bb3-f4a0-4f4f-a5c0-b4f9ff62e07c',GetDate(),1,1,0,'A'),
('29055e6f-05d7-4c88-8911-e2f7f9b206e2','Bathroom Shelving','eeb03bb3-f4a0-4f4f-a5c0-b4f9ff62e07c',GetDate(),1,1,0,'A'),
('ee9a46f5-8716-4991-a5c1-b19d22f9fbde','Bath Towels','eeb03bb3-f4a0-4f4f-a5c0-b4f9ff62e07c',GetDate(),1,1,0,'A'),
('d0bad358-1eb7-4c3d-8e84-58003aad95ac','Bathrobes','eeb03bb3-f4a0-4f4f-a5c0-b4f9ff62e07c',GetDate(),1,1,0,'A'),
('82636f0a-4135-4c2c-9a7d-5e4d964c65ec','Bath Mats','eeb03bb3-f4a0-4f4f-a5c0-b4f9ff62e07c',GetDate(),1,1,0,'A'),
('bdb6e050-52c8-44a4-98e1-1152e0395f94','Paper Products','2452a294-98b4-41b6-9bdf-b5d612bdf782',GetDate(),1,1,0,'A'),
('7a9b71ea-d219-4146-9c4f-df3e54a215b2','Writing & Correction','2452a294-98b4-41b6-9bdf-b5d612bdf782',GetDate(),1,1,0,'A'),
('1ea234bd-fa9d-47f3-b974-c5d7e1bbd996','Art Supplies','2452a294-98b4-41b6-9bdf-b5d612bdf782',GetDate(),1,1,0,'A'),
('f9dc5d7b-b81f-414d-a2a7-72975c8255c9','Packaging & Cartons','2452a294-98b4-41b6-9bdf-b5d612bdf782',GetDate(),1,1,0,'A'),
('849633f3-84c7-4795-80b0-f74d5d659b10','School & Office Equipment','2452a294-98b4-41b6-9bdf-b5d612bdf782',GetDate(),1,1,0,'A'),
('1a81bc93-faca-40ed-bab8-9562d1008d01','Gifts & Wrapping','2452a294-98b4-41b6-9bdf-b5d612bdf782',GetDate(),1,1,0,'A'),
('0943b587-1560-416d-9d22-d6ffa1cfb0ca','School Uniforms','2452a294-98b4-41b6-9bdf-b5d612bdf782',GetDate(),1,1,0,'A'),
('7e74431b-6f09-4670-9a3e-7ba3dc5069f9','Kitchen Furniture','fb52a8ee-dc3b-4c27-a73f-b62d15fd04a2',GetDate(),1,1,0,'A'),
('194e456f-7d39-4712-ad56-83cb45b8cfe8','Gaming Furniture','fb52a8ee-dc3b-4c27-a73f-b62d15fd04a2',GetDate(),1,1,0,'A'),
('5a6474e0-72b3-4a63-9531-36e2ea9505d3','Home Office','fb52a8ee-dc3b-4c27-a73f-b62d15fd04a2',GetDate(),1,1,0,'A'),
('2c2da76b-a132-4c06-afd6-eaf6ccfa3cf1','Living Room','fb52a8ee-dc3b-4c27-a73f-b62d15fd04a2',GetDate(),1,1,0,'A'),
('5b148d75-6181-4766-a258-b6f0548626cc','Bedroom','fb52a8ee-dc3b-4c27-a73f-b62d15fd04a2',GetDate(),1,1,0,'A'),
('ce39e122-bfad-424c-8e66-343c91c1359d','Comforters, Quilts & Duvets','55e83a4c-c904-47b1-8c8f-615ed59b978c',GetDate(),1,1,0,'A'),
('5574034b-6314-4a83-b2f8-c24bb6b671f5','Blankets & Throws','55e83a4c-c904-47b1-8c8f-615ed59b978c',GetDate(),1,1,0,'A'),
('aec24135-06c2-43ee-befb-689c9d524b33','Pillows & Bolsters','55e83a4c-c904-47b1-8c8f-615ed59b978c',GetDate(),1,1,0,'A'),
('ce7e6111-514c-4d34-869c-6b053d0fb67a','Pillow Cases','55e83a4c-c904-47b1-8c8f-615ed59b978c',GetDate(),1,1,0,'A'),
('4bbea926-2e36-44b6-b71d-8b5ed67bf937','Bedding Accessories','55e83a4c-c904-47b1-8c8f-615ed59b978c',GetDate(),1,1,0,'A'),
('e79cd8d6-1563-460f-8cff-a9dd0020f9e9','Bed Sheets','55e83a4c-c904-47b1-8c8f-615ed59b978c',GetDate(),1,1,0,'A'),
('4718c4fc-c69b-497a-a72c-0c84880b4939','Mattress Protectors','55e83a4c-c904-47b1-8c8f-615ed59b978c',GetDate(),1,1,0,'A'),
('cea9cfc7-30a7-4f3b-98e9-96c27b4b6e96','Mirrors','287b80f8-3df5-47d0-b7ee-1f75f759f98a',GetDate(),1,1,0,'A'),
('28b5236a-9196-4fbe-a3fe-604201b7af2a','Cushions & Covers','287b80f8-3df5-47d0-b7ee-1f75f759f98a',GetDate(),1,1,0,'A'),
('761c1c03-9396-40f4-b608-32ccdc5174d5','Rugs & Carpets','287b80f8-3df5-47d0-b7ee-1f75f759f98a',GetDate(),1,1,0,'A'),
('984993b5-8e2b-460f-ba37-7121056fa1c9','Wall Stickers & Decals','287b80f8-3df5-47d0-b7ee-1f75f759f98a',GetDate(),1,1,0,'A'),
('f3ad12fc-f595-455c-b188-fd065c8af0ab','Curtains','287b80f8-3df5-47d0-b7ee-1f75f759f98a',GetDate(),1,1,0,'A'),
('0c4d37c1-9033-43f6-b72d-133575111ad2','Artificial Flowers & Plants','287b80f8-3df5-47d0-b7ee-1f75f759f98a',GetDate(),1,1,0,'A'),
('00c8a5eb-e27b-4018-983a-46eabdcaeb31','Candles & Candleholders','287b80f8-3df5-47d0-b7ee-1f75f759f98a',GetDate(),1,1,0,'A'),
('d4c4693a-b298-49f1-a4a6-bf76b0f7f155','Clocks','287b80f8-3df5-47d0-b7ee-1f75f759f98a',GetDate(),1,1,0,'A'),
('7df16b89-f864-4240-a4c5-3e5eabb1704b','Vases & Vessels','287b80f8-3df5-47d0-b7ee-1f75f759f98a',GetDate(),1,1,0,'A'),
('30c6788d-23cf-4b79-9977-847731932664','Picture Frames','287b80f8-3df5-47d0-b7ee-1f75f759f98a',GetDate(),1,1,0,'A'),
('5ccc9e34-99b7-4128-8f55-b7dd3b3ada38','Wall Lights & Sconces','c86bb14c-fc08-40dc-b6dd-3db788e5a803',GetDate(),1,1,0,'A'),
('860f074b-a101-44de-aee8-f0fcabe7e34d','Ceiling Lights','c86bb14c-fc08-40dc-b6dd-3db788e5a803',GetDate(),1,1,0,'A'),
('6f6b4be7-2404-466d-bfd9-122c3a38034c','Lighting Fixtures & Components','c86bb14c-fc08-40dc-b6dd-3db788e5a803',GetDate(),1,1,0,'A'),
('881e9944-70f6-46e5-ac98-bb40d59ba75b','Light Bulbs','c86bb14c-fc08-40dc-b6dd-3db788e5a803',GetDate(),1,1,0,'A'),
('0b955173-c39e-4f35-b24f-afc29747ddd2','Lamp Shades','c86bb14c-fc08-40dc-b6dd-3db788e5a803',GetDate(),1,1,0,'A'),
('b2142806-75b4-41ea-960b-7260021fa305','Outdoor Lighting','c86bb14c-fc08-40dc-b6dd-3db788e5a803',GetDate(),1,1,0,'A'),
('0b52f209-8286-4866-82b3-315895309008','Table Lamps','c86bb14c-fc08-40dc-b6dd-3db788e5a803',GetDate(),1,1,0,'A'),
('250723af-ed77-4e45-a091-a6f80567aeeb','Floor Lamps','c86bb14c-fc08-40dc-b6dd-3db788e5a803',GetDate(),1,1,0,'A'),
('c8aec4af-2330-49f8-8002-2a4a7ee7a7bf','eBooks','cf21183d-67aa-402f-bb09-493a75d04682',GetDate(),1,1,0,'A'),
('391d311b-c96f-4c9e-b935-3ec449ddcbd0','Books','cf21183d-67aa-402f-bb09-493a75d04682',GetDate(),1,1,0,'A'),
('59590ce0-3871-432c-94e2-d32813c18397','Musical Instruments','cf21183d-67aa-402f-bb09-493a75d04682',GetDate(),1,1,0,'A'),
('ee17ce63-aa76-4ce2-97d3-92025f96e018','Magazines','cf21183d-67aa-402f-bb09-493a75d04682',GetDate(),1,1,0,'A'),
('e6433d26-d250-4517-8653-e7ad15400d7f','Girls Shoes','41c63293-29fd-4bfb-9221-a29cdff8162b',GetDate(),1,1,0,'A'),
('fd032167-308d-48bd-ac55-d0b3b9a6e80b','Socks & Tights','98766752-cf2c-4630-87a3-5d21d31b058f',GetDate(),1,1,0,'A'),
('fbf94273-d195-4c96-b636-b97309abb174','Jackets & Coats','98766752-cf2c-4630-87a3-5d21d31b058f',GetDate(),1,1,0,'A'),
('04b37df8-dd79-4dde-9a80-b4345f2271f7','Underwear & Sleepwear','98766752-cf2c-4630-87a3-5d21d31b058f',GetDate(),1,1,0,'A'),
('1ea2f943-f8b9-450c-b723-7fa49fab5a5c','Hats & Caps','98766752-cf2c-4630-87a3-5d21d31b058f',GetDate(),1,1,0,'A'),
('d523e823-1fb1-4183-9684-9cfed2356ade','Belts','98766752-cf2c-4630-87a3-5d21d31b058f',GetDate(),1,1,0,'A'),
('6d636387-7651-4f72-bc71-692eab20997a','Gloves, Scarves & Cold Weather','98766752-cf2c-4630-87a3-5d21d31b058f',GetDate(),1,1,0,'A'),
('24ba6a61-ca59-422a-93b2-889abd8b6133','Dresses','98766752-cf2c-4630-87a3-5d21d31b058f',GetDate(),1,1,0,'A'),
('b5a78f36-7a39-4c2b-9875-84efc53917d8','Tops','98766752-cf2c-4630-87a3-5d21d31b058f',GetDate(),1,1,0,'A'),
('d6eff183-8316-4a04-896d-c17f3e9ebf81','Bottoms','98766752-cf2c-4630-87a3-5d21d31b058f',GetDate(),1,1,0,'A'),
('433dd6a7-fdbf-44e7-8485-17a47acac661','Swimsuits','98766752-cf2c-4630-87a3-5d21d31b058f',GetDate(),1,1,0,'A'),
('e51d0957-4744-4003-820d-e9f473dd8a89','Hair Accessories','98766752-cf2c-4630-87a3-5d21d31b058f',GetDate(),1,1,0,'A'),
('50b0727d-97de-4c88-b161-35ac22bb5461','Hoodies','98766752-cf2c-4630-87a3-5d21d31b058f',GetDate(),1,1,0,'A'),
('aa03328c-6e6b-4698-b953-348f85f04443','Tanks & Camisoles','87e41d1c-70cf-4e2e-9e6b-cb4ac6b844b4',GetDate(),1,1,0,'A'),
('22bb61e3-7097-4f94-bc4c-c546f811fd76','Robe and Gown sets','87e41d1c-70cf-4e2e-9e6b-cb4ac6b844b4',GetDate(),1,1,0,'A'),
('e0de0ea5-6f48-47e9-9490-1859077bff50','Shapewear','87e41d1c-70cf-4e2e-9e6b-cb4ac6b844b4',GetDate(),1,1,0,'A'),
('6214ae93-b14f-4dff-8921-01a8453c9ae8','Nightwear','87e41d1c-70cf-4e2e-9e6b-cb4ac6b844b4',GetDate(),1,1,0,'A'),
('4f288830-9f2f-40f3-999a-9208803e7a02','Beachwear and Bikinis','c48b0ecb-1884-4f41-a08a-dfe1b8d8ff4c',GetDate(),1,1,0,'A'),
('9d5c0b16-ce61-420e-8cb3-f87b121960ce','Lingerie Sets','c48b0ecb-1884-4f41-a08a-dfe1b8d8ff4c',GetDate(),1,1,0,'A'),
('f651cb8d-6cb0-46d7-95a6-63257e4aa10d','Socks & Tights','c48b0ecb-1884-4f41-a08a-dfe1b8d8ff4c',GetDate(),1,1,0,'A'),
('530f6b46-dd89-46b4-88eb-1cda546d26ad','Bras','c48b0ecb-1884-4f41-a08a-dfe1b8d8ff4c',GetDate(),1,1,0,'A'),
('35fb8528-a9f2-42ea-bf4c-e2c907fe6577','Panties','c48b0ecb-1884-4f41-a08a-dfe1b8d8ff4c',GetDate(),1,1,0,'A'),
('aa452ab1-81fb-4e2b-8bf0-020a4285da5f','Sarees','cdfe80ac-cdb4-4cf8-9178-89381301dbfd',GetDate(),1,1,0,'A'),
('8d135307-4282-490b-a354-4b84999b5cf2','Branded Unstitched','cdfe80ac-cdb4-4cf8-9178-89381301dbfd',GetDate(),1,1,0,'A'),
('ffad6953-591d-40af-aef4-316bb177704e','Kurtis','e0c5e007-1702-4710-ae7e-bb1b679b0c93',GetDate(),1,1,0,'A'),
('1497cc64-ea0a-47c3-9ab3-80d24bde141b','Shalwar Kameez','e0c5e007-1702-4710-ae7e-bb1b679b0c93',GetDate(),1,1,0,'A'),
('66c97eee-c132-4aa6-b963-7fc69b4b6d55','Trousers & Palazzos','e0c5e007-1702-4710-ae7e-bb1b679b0c93',GetDate(),1,1,0,'A'),
('55cc870e-c436-4c51-abce-da8265100088','Skirts','4e8d7554-12c0-4f7f-9f76-1ed471bfa38a',GetDate(),1,1,0,'A'),
('7a47e4d2-3e8c-4743-81d5-f97f65ebbb9a','Formal Wear','4e8d7554-12c0-4f7f-9f76-1ed471bfa38a',GetDate(),1,1,0,'A'),
('fc353502-04f8-40fd-aa68-8a4097542a1f','Ethnic Dresses','4e8d7554-12c0-4f7f-9f76-1ed471bfa38a',GetDate(),1,1,0,'A'),
('6735a8e1-e7e1-4df9-be88-8e58dd24fc51','Jackets & Coats','bc6678d8-a635-47cb-b7d4-78f8f22d6464',GetDate(),1,1,0,'A'),
('e6be0d12-0717-41af-b910-14845b68a879','Shrugs','bc6678d8-a635-47cb-b7d4-78f8f22d6464',GetDate(),1,1,0,'A'),
('1d5bbf5d-2b77-4ace-93d4-25302e2b399b','Hoodies & Sweatshirts','bc6678d8-a635-47cb-b7d4-78f8f22d6464',GetDate(),1,1,0,'A'),
('e7a607cc-75c1-4464-b8bc-172f72ca2fb5','Jeggings','c8d48f1f-cf63-4f56-a92d-824e7cb71a6d',GetDate(),1,1,0,'A'),
('b9ce6358-4eb7-4bc7-8a95-049a9f5054bb','Shorts','c8d48f1f-cf63-4f56-a92d-824e7cb71a6d',GetDate(),1,1,0,'A'),
('e1c0a3fb-1daf-44b5-8ec3-1a44e9e95880','Leggings','c8d48f1f-cf63-4f56-a92d-824e7cb71a6d',GetDate(),1,1,0,'A'),
('61558326-7134-4989-91f0-ec2c5b8fe61f','Pants','c8d48f1f-cf63-4f56-a92d-824e7cb71a6d',GetDate(),1,1,0,'A'),
('ad5071b7-23a7-427d-b4ee-89086ac99101','Jeans','c8d48f1f-cf63-4f56-a92d-824e7cb71a6d',GetDate(),1,1,0,'A'),
('47859c29-3ac2-45a8-b34b-391bba472ff9','Tunics','cc0b7832-7070-4cc7-873d-f7b1f3104ed2',GetDate(),1,1,0,'A'),
('357d0ad4-9567-4579-8113-0f639eb35e30','Blouses & Shirts','cc0b7832-7070-4cc7-873d-f7b1f3104ed2',GetDate(),1,1,0,'A'),
('8bcb4e0b-6fa4-4ab2-a497-7b230257629b','Dupattas, Stoles & Shawls','0da10a2e-d21a-4083-a3ac-7ff14389118e',GetDate(),1,1,0,'A'),
('ff671f46-e891-4545-b2e7-1a1a9420216b','Scarves','0da10a2e-d21a-4083-a3ac-7ff14389118e',GetDate(),1,1,0,'A'),
('d06ca3b3-4f21-4cc2-a77d-9d5336ccf4a7','Abayas & Hijabs','0da10a2e-d21a-4083-a3ac-7ff14389118e',GetDate(),1,1,0,'A'),
('be12903b-3467-4ec9-b545-9fee9eb11ca1','Hair Accessories','0da10a2e-d21a-4083-a3ac-7ff14389118e',GetDate(),1,1,0,'A'),
('4bb8fc34-2932-4780-ba1f-1470622a7ed4','Boys Shoes','f3d7f868-2d92-4ac0-aea0-f270e3826b34',GetDate(),1,1,0,'A'),
('3bb943b3-5e0e-45d9-a022-de2561ee6b05','Kurtas','e0c5e007-1702-4710-ae7e-bb1b679b0c93',GetDate(),1,1,0,'A'),
('5e522f3b-2823-4924-8a1c-fa5921d372d1','Shalwar','e0c5e007-1702-4710-ae7e-bb1b679b0c93',GetDate(),1,1,0,'A'),
('593b196a-c10e-45d5-a1fe-bef6f557e73d','Unstitched Fabric','e0c5e007-1702-4710-ae7e-bb1b679b0c93',GetDate(),1,1,0,'A'),
('d24ace89-5a72-43d5-bd98-b00a6fb1b8fa','Shawls','e0c5e007-1702-4710-ae7e-bb1b679b0c93',GetDate(),1,1,0,'A'),
('19894a6a-26f3-456c-b418-b66653142a3a','Jackets & Coats','bc6678d8-a635-47cb-b7d4-78f8f22d6464',GetDate(),1,1,0,'A'),
('1395ef10-452b-4fc0-b761-a355e18ee0ff','Hoodies & Sweatshirts','bc6678d8-a635-47cb-b7d4-78f8f22d6464',GetDate(),1,1,0,'A'),
('0440a575-4bd5-4952-89f3-6685201e7725','Joggers & Sweats','9cfdc87f-aba4-4c6a-b0af-a8af08e59a6d',GetDate(),1,1,0,'A'),
('b5198c07-9025-4daa-b157-aebf3acb5ae0','Polos','d1c0caa3-b038-44f8-b40a-cb5c8c9133cd',GetDate(),1,1,0,'A'),
('80f71874-7a9e-4e77-85e1-6d413fcc27f9','Casual Shirts','d1c0caa3-b038-44f8-b40a-cb5c8c9133cd',GetDate(),1,1,0,'A'),
('09bb67f1-0c08-4d42-ba5c-4445478e9691','Formal Shirts','d1c0caa3-b038-44f8-b40a-cb5c8c9133cd',GetDate(),1,1,0,'A'),
('a29657e1-9251-4cdc-92f5-8e19c51f9c1c','T-Shirts & Tanks','97751b7e-021a-43a2-9400-1cc73b1db2d4',GetDate(),1,1,0,'A'),
('322ba920-1575-45cf-b51b-b7a36652d24e','Socks','742062de-6504-40b1-9bb9-eb254d12c8de',GetDate(),1,1,0,'A'),
('709ec100-d667-4ef6-b90a-3934d6b337f5','Belts','742062de-6504-40b1-9bb9-eb254d12c8de',GetDate(),1,1,0,'A'),
('6d5d7c11-bcae-4742-98fa-a179b65e8beb','Hats & Caps','742062de-6504-40b1-9bb9-eb254d12c8de',GetDate(),1,1,0,'A'),
('9ff188ec-ca84-465e-a4fb-2efaf535dfd3','Kurtas & Shalwar Kameez','29d87eac-1231-46a1-92cf-9688ae19484d',GetDate(),1,1,0,'A'),
('36645a0e-8d3a-4d4b-a3f7-1357a3025c4e','Shorts','29d87eac-1231-46a1-92cf-9688ae19484d',GetDate(),1,1,0,'A'),
('c3e7e95e-f41f-4d38-9683-9626ca2872fb','T-Shirts & Shirts','29d87eac-1231-46a1-92cf-9688ae19484d',GetDate(),1,1,0,'A'),
('50f5b3b0-d6e2-47dc-ac30-e9e318cbf264','Pants & Jeans','29d87eac-1231-46a1-92cf-9688ae19484d',GetDate(),1,1,0,'A'),
('811e51cd-4dc0-4d6c-bf23-d5934f138e7b','Underwear & Socks','29d87eac-1231-46a1-92cf-9688ae19484d',GetDate(),1,1,0,'A'),
('eeae8770-4707-4cfc-9d3b-40007ef326a2','Socks','750ff1e7-ea11-49a0-9852-14f993fe3d9d',GetDate(),1,1,0,'A'),
('1c9578c3-b8ba-45b5-bc2d-cc69249836a2','Sunglasses','750ff1e7-ea11-49a0-9852-14f993fe3d9d',GetDate(),1,1,0,'A'),
('fa0030fd-4277-4209-bc92-f3bd16332a98','Gloves','750ff1e7-ea11-49a0-9852-14f993fe3d9d',GetDate(),1,1,0,'A'),
('f7070a7f-4f35-4ff6-adf3-0009ab56699d','Hats & Caps','750ff1e7-ea11-49a0-9852-14f993fe3d9d',GetDate(),1,1,0,'A'),
('1cd23961-c78e-46f1-a080-6f91b170927e','Belts','750ff1e7-ea11-49a0-9852-14f993fe3d9d',GetDate(),1,1,0,'A'),
('77e16a78-488c-43d1-9938-1feeb21d7d40','Scarves','750ff1e7-ea11-49a0-9852-14f993fe3d9d',GetDate(),1,1,0,'A'),
('95e71ed3-9629-49c0-8bee-2854c90e028c','Ties & Bows','750ff1e7-ea11-49a0-9852-14f993fe3d9d',GetDate(),1,1,0,'A'),
('28372882-8609-47ad-9080-c0aa0b5fe739','Shoes Accessories','86e34ced-5561-4f85-b8c4-c2fff7921996',GetDate(),1,1,0,'A'),
('c58ef4da-9e9e-4741-b4f9-dff4dcf49ab1','Slip-Ons & Loafers','86e34ced-5561-4f85-b8c4-c2fff7921996',GetDate(),1,1,0,'A'),
('24f6c186-95d1-433a-82da-5c25676b0517','Khusa & Kolapuri','86e34ced-5561-4f85-b8c4-c2fff7921996',GetDate(),1,1,0,'A'),
('029ae645-c2bc-4069-babe-fb20000b6659','Formal Shoes','86e34ced-5561-4f85-b8c4-c2fff7921996',GetDate(),1,1,0,'A'),
('4c612909-8567-45c2-83aa-7f33854b05c6','Flip Flops & Sandals','86e34ced-5561-4f85-b8c4-c2fff7921996',GetDate(),1,1,0,'A'),
('39932eba-b235-44f8-b12e-09b29d52df0a','Sneakers','86e34ced-5561-4f85-b8c4-c2fff7921996',GetDate(),1,1,0,'A'),
('dd58320b-bb99-4346-9654-b2039d958e0b','Boots','86e34ced-5561-4f85-b8c4-c2fff7921996',GetDate(),1,1,0,'A'),
('65f3bb3a-cdba-4977-8702-bf5461316a26','Thermal','d961a560-e146-4be8-a4e5-0e9d572d4fb3',GetDate(),1,1,0,'A'),
('af51db3f-2537-43ee-964d-93adf89025c2','Nightwear','d961a560-e146-4be8-a4e5-0e9d572d4fb3',GetDate(),1,1,0,'A'),
('78439cba-647d-47b2-b4f8-6e56f4625811','Vests','d961a560-e146-4be8-a4e5-0e9d572d4fb3',GetDate(),1,1,0,'A'),
('2e997cf1-d40d-4cde-b68b-8e2c8467567a','Socks','d961a560-e146-4be8-a4e5-0e9d572d4fb3',GetDate(),1,1,0,'A'),
('a47c9a0a-b632-4f7b-9217-5ceab8181c1c','Briefs','d961a560-e146-4be8-a4e5-0e9d572d4fb3',GetDate(),1,1,0,'A'),
('3cac4f6f-a8df-4d69-8c38-469ac2310e2a','Trunk & Boxers','d961a560-e146-4be8-a4e5-0e9d572d4fb3',GetDate(),1,1,0,'A'),
('adeb63bd-5be2-48db-9187-27872882b426','Jeans','8113891a-9ea5-4efa-9a07-556562949877',GetDate(),1,1,0,'A'),
('8d950e72-ce1f-4b5a-a78e-f8daea22936a','Cargo','8113891a-9ea5-4efa-9a07-556562949877',GetDate(),1,1,0,'A'),
('87548685-a06d-49be-982b-e37a64e6d25c','Chinos','8113891a-9ea5-4efa-9a07-556562949877',GetDate(),1,1,0,'A'),
('cc263552-cea8-463f-9478-e73e3302280e','Analog','97689e6f-19ab-4f7f-8fd2-78de649fe705',GetDate(),1,1,0,'A'),
('5fdece78-1d18-4660-b44f-657d2c9bc30e','Digital','97689e6f-19ab-4f7f-8fd2-78de649fe705',GetDate(),1,1,0,'A'),
('f92643ea-4b37-4613-9de4-ce88f3fb8afd','Accessories','97689e6f-19ab-4f7f-8fd2-78de649fe705',GetDate(),1,1,0,'A'),
('10076e24-5249-459a-881f-95fefeed1150','Analog','7ae7605e-9273-4c0e-bb9b-59fc5a402c22',GetDate(),1,1,0,'A'),
('eacd4c1a-3f0e-45e3-a042-58f322efd955','Accessories','7ae7605e-9273-4c0e-bb9b-59fc5a402c22',GetDate(),1,1,0,'A'),
('e9dfd68d-84fd-4f9a-9846-48e8fe5e4a5e','Digital','7ae7605e-9273-4c0e-bb9b-59fc5a402c22',GetDate(),1,1,0,'A'),
('7ed29e56-95a4-46b1-8d69-647491066fc9','Chronograph','7ae7605e-9273-4c0e-bb9b-59fc5a402c22',GetDate(),1,1,0,'A'),
('103c1dbd-c9c3-4ae4-a4c3-825ba0ab3ed5','Branded Watches','7ae7605e-9273-4c0e-bb9b-59fc5a402c22',GetDate(),1,1,0,'A'),
('1ec3ef58-ae91-4219-a6a4-c8b8932ea1a5','Girls','d7a8accc-6d27-46df-93ab-b37119588b76',GetDate(),1,1,0,'A'),
('0252c0d7-1bc6-4d3d-a280-7c5b10175f44','Boys','d7a8accc-6d27-46df-93ab-b37119588b76',GetDate(),1,1,0,'A'),
('5d8948a6-c099-4f3d-b9d3-3c635bc1525f','Chains','c7b9c26f-5cce-4566-8703-b7ebb3591300',GetDate(),1,1,0,'A'),
('6b41807c-da45-4d37-90b8-590dfe250377','Rings','c7b9c26f-5cce-4566-8703-b7ebb3591300',GetDate(),1,1,0,'A'),
('df8a1d8c-e4a8-47ce-9f80-58792c4b85d5','Bracelets','c7b9c26f-5cce-4566-8703-b7ebb3591300',GetDate(),1,1,0,'A'),
('9dd31359-c354-46f5-9b1b-2466be0615e6','Studs','c7b9c26f-5cce-4566-8703-b7ebb3591300',GetDate(),1,1,0,'A'),
('661e9427-d33f-4740-9aa7-1123d4cd9cd1','Necklaces','a33ba7c5-971d-4651-86d4-24a0ed18e07b',GetDate(),1,1,0,'A'),
('79b93448-03b9-4ccc-8d53-6ba520f08dd3','Rings','a33ba7c5-971d-4651-86d4-24a0ed18e07b',GetDate(),1,1,0,'A'),
('25c64602-3afe-4863-ba2d-79aa55a02c66','Jewellery Sets','a33ba7c5-971d-4651-86d4-24a0ed18e07b',GetDate(),1,1,0,'A'),
('6ae51b15-99a7-4bd2-bc84-9016860dd4de','Anklets','a33ba7c5-971d-4651-86d4-24a0ed18e07b',GetDate(),1,1,0,'A'),
('a1e4c571-eb38-4b37-8119-f48d1ebd41da','Earrings','a33ba7c5-971d-4651-86d4-24a0ed18e07b',GetDate(),1,1,0,'A'),
('31858bb7-8450-43fb-91f3-ac578d47e858','Bracelets','a33ba7c5-971d-4651-86d4-24a0ed18e07b',GetDate(),1,1,0,'A'),
('b3f9583a-2a55-4397-a3a2-5511c5a61988','Lenses','ddb839e3-c1f2-4f94-ba6d-1593958bd8a3',GetDate(),1,1,0,'A'),
('fe4b2a23-d4f8-4855-b527-b2114d87922e','Men Sunglasses','ddb839e3-c1f2-4f94-ba6d-1593958bd8a3',GetDate(),1,1,0,'A'),
('e2bcb5a7-96b1-4a6b-968b-4d76de442ca9','Women Sunglasses','ddb839e3-c1f2-4f94-ba6d-1593958bd8a3',GetDate(),1,1,0,'A'),
('b6456bf0-4592-44f5-8ed7-f242ae8a81f8','Kids Sunglasses','ddb839e3-c1f2-4f94-ba6d-1593958bd8a3',GetDate(),1,1,0,'A'),
('14d34e2d-1065-4de3-be0e-f091d63b481a','Unisex Sunglasses','ddb839e3-c1f2-4f94-ba6d-1593958bd8a3',GetDate(),1,1,0,'A'),
('d5c40bc6-ee28-4206-b56c-87fd82a2fdb9','Men Sunglasses','ddb839e3-c1f2-4f94-ba6d-1593958bd8a3',GetDate(),1,1,0,'A'),
('8fcc7aa1-16f7-469f-b9b3-9c2bfb8e6f8f','Kids Eyeglasses','ddb839e3-c1f2-4f94-ba6d-1593958bd8a3',GetDate(),1,1,0,'A'),
('854bee13-a9e9-41e7-a037-5c0989f81c59','Unisex Eyeglasses','ddb839e3-c1f2-4f94-ba6d-1593958bd8a3',GetDate(),1,1,0,'A'),
('ec0f8b48-b315-46f3-8c68-dfb03c660f01','Wristlets','64b7ef23-ebc5-4fec-a626-fc9ac22d5ded',GetDate(),1,1,0,'A'),
('74f2b41d-7ed7-4053-80ad-4dcc957091ce','Wallets & Accessories','64b7ef23-ebc5-4fec-a626-fc9ac22d5ded',GetDate(),1,1,0,'A'),
('11bfc6f5-4ab9-46dd-be22-6c7557b60ff8','Clutches','64b7ef23-ebc5-4fec-a626-fc9ac22d5ded',GetDate(),1,1,0,'A'),
('b12c0a38-c451-48dc-a75d-6700adab252c','Backpacks','64b7ef23-ebc5-4fec-a626-fc9ac22d5ded',GetDate(),1,1,0,'A'),
('cc07b3ae-d7b7-4d58-96c0-1a52ec7ad88e','Top-Handle Bags','64b7ef23-ebc5-4fec-a626-fc9ac22d5ded',GetDate(),1,1,0,'A'),
('eef86f4b-c188-4241-8ac0-798584fbaf8e','Tote Bags','64b7ef23-ebc5-4fec-a626-fc9ac22d5ded',GetDate(),1,1,0,'A'),
('4a6e341a-1c41-419c-98db-dda053fde69d','Cross Body & Shoulder Bags','64b7ef23-ebc5-4fec-a626-fc9ac22d5ded',GetDate(),1,1,0,'A'),
('be03d45f-5c24-4cc3-9775-145d26f4b086','Backpacks','9f37b5c8-5b1f-41c0-bc0a-dfc44d1ee143',GetDate(),1,1,0,'A'),
('8c341c6c-9f83-48dd-876d-57a2a4a2dc03','Crossbody Bags','9f37b5c8-5b1f-41c0-bc0a-dfc44d1ee143',GetDate(),1,1,0,'A'),
('8bc5862e-bfb4-47ea-b82c-69d3e905bbac','Messenger Bags','9f37b5c8-5b1f-41c0-bc0a-dfc44d1ee143',GetDate(),1,1,0,'A'),
('357207f4-3013-4358-89b7-dc824c5fdc50','Business Bags','9f37b5c8-5b1f-41c0-bc0a-dfc44d1ee143',GetDate(),1,1,0,'A'),
('ff4b580b-6ecb-43e6-833f-1f3e1c871efc','Wallets & Cardholders','9f37b5c8-5b1f-41c0-bc0a-dfc44d1ee143',GetDate(),1,1,0,'A'),
('abf06039-1e70-40e6-8340-f96a5753e6a4','Cardholders & Keychains','9f37b5c8-5b1f-41c0-bc0a-dfc44d1ee143',GetDate(),1,1,0,'A'),
('a9b3d320-18df-4294-8647-3559906e2af0','Luggage','ff2b6980-0176-43cc-92bd-edccd03a0bc0',GetDate(),1,1,0,'A'),
('30a9224b-1f75-4085-97c6-56b5bd18e1b2','Laptop Bags','ff2b6980-0176-43cc-92bd-edccd03a0bc0',GetDate(),1,1,0,'A'),
('52fdec56-7414-4214-a8e4-7fd7af5470fd','Travel Accessories','ff2b6980-0176-43cc-92bd-edccd03a0bc0',GetDate(),1,1,0,'A'),
('61763bfc-6d7c-466b-a7dd-c45dc832a2ec','Gloves','5f73afab-0d5b-4b26-b2c1-ea2c6caa7740',GetDate(),1,1,0,'A'),
('4b3b022a-f3b0-4d50-ad8a-bf77bd81c254','Belts','5f73afab-0d5b-4b26-b2c1-ea2c6caa7740',GetDate(),1,1,0,'A'),
('8661ec1f-c924-42fe-b198-7f3f92fe11c4','Hats & Caps','5f73afab-0d5b-4b26-b2c1-ea2c6caa7740',GetDate(),1,1,0,'A'),
('1ca6dd36-9a13-4d64-999d-ccdd1e771db6','Badminton','ce7f871c-7c70-4724-81ea-6c03c32138ed',GetDate(),1,1,0,'A'),
('3676a963-ea88-4d58-8633-37bd784be848','Tennis','ce7f871c-7c70-4724-81ea-6c03c32138ed',GetDate(),1,1,0,'A'),
('ce823cf8-2872-4502-ae10-5f555fafab5d','Squash','ce7f871c-7c70-4724-81ea-6c03c32138ed',GetDate(),1,1,0,'A'),
('e1023704-65c2-4e7c-8e96-a2a122c0ea34','Womens Shoes','85400f71-df72-4808-98ae-a02866086e37',GetDate(),1,1,0,'A'),
('e741eeff-e075-4681-bdff-62a4e95182c7','Mens Shoes','85400f71-df72-4808-98ae-a02866086e37',GetDate(),1,1,0,'A'),
('6410d16e-aee9-423d-a3f6-348584e5af0e','Mens Clothing','85400f71-df72-4808-98ae-a02866086e37',GetDate(),1,1,0,'A'),
('952d898d-1e5b-4c98-8650-402a6df71057','Womens Clothing','85400f71-df72-4808-98ae-a02866086e37',GetDate(),1,1,0,'A'),
('a397fdd0-d6fb-4851-a58f-8dc4b817bfa9','Women Accessories','85400f71-df72-4808-98ae-a02866086e37',GetDate(),1,1,0,'A'),
('a002d322-ffe0-4752-8255-7eceee702eb3','Men Accessories','85400f71-df72-4808-98ae-a02866086e37',GetDate(),1,1,0,'A'),
('8f5d585d-81f3-4b4c-9dbf-1bf73844b9eb','Women Bags','85400f71-df72-4808-98ae-a02866086e37',GetDate(),1,1,0,'A'),
('badc0084-6912-4fdf-9120-0af652cf5486','Men Bags','85400f71-df72-4808-98ae-a02866086e37',GetDate(),1,1,0,'A'),
('d7da037b-2ee0-4bbf-8561-1b9d616deafd','Water Bottles','5fdde0a8-4146-401f-9acb-6252042d72ed',GetDate(),1,1,0,'A'),
('9c0fd813-b80c-4c32-982d-c389b126b146','Home Gym','5fdde0a8-4146-401f-9acb-6252042d72ed',GetDate(),1,1,0,'A'),
('f0dc67b2-6d82-42ea-a6e6-b2453c5c96b8','Fitness Trackers','2a594555-84d7-4d6a-9670-2119d0859100',GetDate(),1,1,0,'A'),
('a3904731-6988-4950-9801-c5f14d5e55ed','Fitness Trackers Accessories','2a594555-84d7-4d6a-9670-2119d0859100',GetDate(),1,1,0,'A'),
('bfc458cc-0ce1-4d9c-b380-ed993aa7f08c','Fishing','b94cfe31-8c9d-48f4-aab3-f001330692f9',GetDate(),1,1,0,'A'),
('b30d5f62-e355-4406-a43c-b08cc058e694','Water Sports','b94cfe31-8c9d-48f4-aab3-f001330692f9',GetDate(),1,1,0,'A'),
('6bba409b-6907-466b-b94f-d31a37adf38c','Skate Boards','b94cfe31-8c9d-48f4-aab3-f001330692f9',GetDate(),1,1,0,'A'),
('426ca263-7b5f-4a06-ba14-9c8de4b0f3d0','Camping / Hiking','b94cfe31-8c9d-48f4-aab3-f001330692f9',GetDate(),1,1,0,'A'),
('cd9845b1-e54a-4ae6-8b72-8cf5721e31a7','Cycling','b94cfe31-8c9d-48f4-aab3-f001330692f9',GetDate(),1,1,0,'A'),
('0933695a-4ca8-4fc8-8ffa-2e97769ccabf','Cycle accessories','b94cfe31-8c9d-48f4-aab3-f001330692f9',GetDate(),1,1,0,'A'),
('cdb844a9-53f7-4f41-869e-e07629f35a6e','Fat Burners','a6a127c0-3230-4be1-b3b4-dd1362698126',GetDate(),1,1,0,'A'),
('ef253e16-9e98-4453-a66e-f24157b75c62','Post Workouts and Recovery','a6a127c0-3230-4be1-b3b4-dd1362698126',GetDate(),1,1,0,'A'),
('17aef478-a872-496c-9e60-209a1ab78063','Pre Workouts','a6a127c0-3230-4be1-b3b4-dd1362698126',GetDate(),1,1,0,'A'),
('1f4a44ae-dd50-4182-a93d-f32fde3d502f','Proteins','a6a127c0-3230-4be1-b3b4-dd1362698126',GetDate(),1,1,0,'A'),
('5d6ad758-2480-4651-9d68-39009b9fc993','Baseballs','3d5b430f-36f1-40ab-aa6e-ca4545438ca2',GetDate(),1,1,0,'A'),
('540c0d74-5890-43ba-9f35-423375eb4033','Hockey','3d5b430f-36f1-40ab-aa6e-ca4545438ca2',GetDate(),1,1,0,'A'),
('77bd59aa-e0ec-40a5-b106-bfc7ba7ae618','Basket Ball','3d5b430f-36f1-40ab-aa6e-ca4545438ca2',GetDate(),1,1,0,'A'),
('f44aa8cd-0cdd-400e-ace5-a8b0077394ff','Volley balls','3d5b430f-36f1-40ab-aa6e-ca4545438ca2',GetDate(),1,1,0,'A'),
('be242ae9-5106-4bd2-8f64-b349040217eb','Cricket','3d5b430f-36f1-40ab-aa6e-ca4545438ca2',GetDate(),1,1,0,'A'),
('c7121180-72f7-48dd-bdc7-abcc2f111d90','Football','3d5b430f-36f1-40ab-aa6e-ca4545438ca2',GetDate(),1,1,0,'A'),
('a528c252-6d30-485a-9f0d-2ffcaa3c1833','Fitness Accessories','d957cdd7-b8d6-4009-be2f-9053fff13b55',GetDate(),1,1,0,'A'),
('e6010521-46c8-4081-b1f7-5466e597c3c6','Treadmills','d957cdd7-b8d6-4009-be2f-9053fff13b55',GetDate(),1,1,0,'A'),
('180c5194-3064-4125-ba19-40c4287cd451','Exercise Bikes','d957cdd7-b8d6-4009-be2f-9053fff13b55',GetDate(),1,1,0,'A'),
('e5f1467b-9761-43a0-bef4-7a1755e1dec4','Boxing, Martial Arts & MMA','d957cdd7-b8d6-4009-be2f-9053fff13b55',GetDate(),1,1,0,'A'),
('188ff585-0d7b-4a3d-944c-3a9fa870200b','Strength Training Equipments','d957cdd7-b8d6-4009-be2f-9053fff13b55',GetDate(),1,1,0,'A'),
('c92aa94d-607c-4909-9e48-1c9898dbce29','Weight','d957cdd7-b8d6-4009-be2f-9053fff13b55',GetDate(),1,1,0,'A'),
('4dce9b4d-d202-4a57-982a-060e510541fe','Exercise Bands','d957cdd7-b8d6-4009-be2f-9053fff13b55',GetDate(),1,1,0,'A'),
('efdafabc-7621-409f-8509-71ac6113b68a','Cardio Training Equipment','d957cdd7-b8d6-4009-be2f-9053fff13b55',GetDate(),1,1,0,'A'),
('5804eeee-6090-4baa-81a9-6378d96111f4','Yoga','d957cdd7-b8d6-4009-be2f-9053fff13b55',GetDate(),1,1,0,'A'),
('9bea8983-3bfa-4048-bb21-8df747d37bed','Loaders','7362ffa6-a474-4634-a143-bccdc0bff9a7',GetDate(),1,1,0,'A'),
('38b95d37-241e-4c17-89e5-fbee7e1a9114','Auto Rikshaw','7362ffa6-a474-4634-a143-bccdc0bff9a7',GetDate(),1,1,0,'A'),
('b1eef212-170c-42ba-8c9c-20bf1e7d6bb2','Car Tools & Equipment','a985036c-77d1-49ff-90a1-fb33064d9ceb',GetDate(),1,1,0,'A'),
('8219e025-56f8-44f7-b4b1-fd5893aafe29','Car Tires & Wheels','a985036c-77d1-49ff-90a1-fb33064d9ceb',GetDate(),1,1,0,'A'),
('4fefde4b-1037-4c88-ab86-2d8903644792','Car Oils & Fluids','a985036c-77d1-49ff-90a1-fb33064d9ceb',GetDate(),1,1,0,'A'),
('1eeb0166-1ea7-4b7a-b617-eb8547de020c','Car Care','a985036c-77d1-49ff-90a1-fb33064d9ceb',GetDate(),1,1,0,'A'),
('828606b1-c292-4615-9f31-90dc6a5111a3','Car Exterior Accessories','a985036c-77d1-49ff-90a1-fb33064d9ceb',GetDate(),1,1,0,'A'),
('fcc013db-ad3c-43ad-9905-bed7859ff821','Car Interior Accessories','a985036c-77d1-49ff-90a1-fb33064d9ceb',GetDate(),1,1,0,'A'),
('a8c8fe87-a3a7-4faf-9c5a-d7e89e426c64','Car Safety & Security','a985036c-77d1-49ff-90a1-fb33064d9ceb',GetDate(),1,1,0,'A'),
('9c019970-3c03-44a4-8817-b89913eb0d00','Car Electronics','a985036c-77d1-49ff-90a1-fb33064d9ceb',GetDate(),1,1,0,'A'),
('d0d10cde-feb1-4b8f-ae76-10b01a252624','Car Parts & Spares','a985036c-77d1-49ff-90a1-fb33064d9ceb',GetDate(),1,1,0,'A'),
('ebb0d343-38f1-4efd-80dc-6e1228fef084','Motorcycle Helmets','49f750e2-1b00-4cb0-aacd-549424659877',GetDate(),1,1,0,'A'),
('a60f5936-3bd6-40b6-a945-6c9a7a7ff35c','Sports Bikes','49f750e2-1b00-4cb0-aacd-549424659877',GetDate(),1,1,0,'A'),
('ed78a9c4-1b26-4f6f-8efd-0701bf17b6b9','Standard Bikes','49f750e2-1b00-4cb0-aacd-549424659877',GetDate(),1,1,0,'A'),
('26b69bdf-edaa-4a67-b6e2-c25c3596e322','Electric Bikes','49f750e2-1b00-4cb0-aacd-549424659877',GetDate(),1,1,0,'A'),
('b5056927-29d5-4714-93e7-1646cfc70c4a','Motorcycle Parts & Spares','49f750e2-1b00-4cb0-aacd-549424659877',GetDate(),1,1,0,'A'),
('1f18ab48-82f6-42b7-bf53-8561a38df318','Motorcycle Oil & Fluids','49f750e2-1b00-4cb0-aacd-549424659877',GetDate(),1,1,0,'A'),
('894bd13f-e9c6-4f1c-b1cb-0c0827f9b1f4','Riding Gear','49f750e2-1b00-4cb0-aacd-549424659877',GetDate(),1,1,0,'A'),
('f7091715-c046-4df2-9fa4-e566bd5cb51e','Motorcycle Accessories','49f750e2-1b00-4cb0-aacd-549424659877',GetDate(),1,1,0,'A'),
('03210de3-fbe0-4b58-81cb-3656c240d767','ATVs & UTVs','49f750e2-1b00-4cb0-aacd-549424659877',GetDate(),1,1,0,'A'),
('f8797e6b-395c-433a-9c45-877ffb8046c1','Motorcycle Tires & Wheels','49f750e2-1b00-4cb0-aacd-549424659877',GetDate(),1,1,0,'A')

INSERT INTO INV.Brands (BrandId, BrandName) VALUES ('8B701A5E-AAE7-47A5-B86A-B36D2950E7B5', 'Khaadi');
INSERT INTO INV.Brands (BrandId, BrandName) VALUES ('CA6F45BC-C80D-477D-933C-39ED9A206D18', 'Sapphire');
INSERT INTO INV.Brands (BrandId, BrandName) VALUES ('6C1087BE-8196-47CF-985F-C3A26984F3DD', 'Gul Ahmed');
INSERT INTO INV.Brands (BrandId, BrandName) VALUES ('8CD57A9D-78EB-4F5F-B192-CE5122BF69F0', 'Bonanza Satrangi');
INSERT INTO INV.Brands (BrandId, BrandName) VALUES ('D7FC2893-3BE3-4C25-9535-4663727CF991', 'Maria B');
INSERT INTO INV.Brands (BrandId, BrandName) VALUES ('BD709B58-AAEF-448B-873F-6D1FA54702DD', 'Sana Safinaz');
INSERT INTO INV.Brands (BrandId, BrandName) VALUES ('CA2D9DA2-3289-4D38-A274-B49EE4C9944E', 'Elan');
INSERT INTO INV.Brands (BrandId, BrandName) VALUES ('B04EA190-6B7E-4C21-9DC7-DF14AFD951BE', 'Agha Noor');
INSERT INTO INV.Brands (BrandId, BrandName) VALUES ('1BE60DAB-20E6-48A5-A573-026480BDA008', 'Hussain Rehar');
INSERT INTO INV.Brands (BrandId, BrandName) VALUES ('4805D99C-B489-4E5B-B559-963A4A257BF7', 'Batik');
INSERT INTO INV.Brands (BrandId, BrandName) VALUES ('18100E21-A371-4027-A192-963E2E2B865C', 'Zainab Chottani');
INSERT INTO INV.Brands (BrandId, BrandName) VALUES ('4560EEFE-86B4-47FF-8E3A-E342CE8EAB38', 'Cross Stitch');
INSERT INTO INV.Brands (BrandId, BrandName) VALUES ('CA716BAD-C686-4420-999E-E795BE0F1C9C', 'Ego');
INSERT INTO INV.Brands (BrandId, BrandName) VALUES ('909EAF55-716A-4E14-8E6B-E7FF9F049210', 'Oaks');
INSERT INTO INV.Brands (BrandId, BrandName) VALUES ('DE762DFB-A34E-4A1F-B0E2-477EBAF6F4F3', 'Malook');
INSERT INTO INV.Brands (BrandId, BrandName) VALUES ('31A8BF85-8860-4260-BA2A-91A0C3F59399', 'Gulenoor');
INSERT INTO INV.Brands (BrandId, BrandName) VALUES ('48841150-0C00-4760-BD14-B034B6E61532', 'Malbus');
INSERT INTO INV.Brands (BrandId, BrandName) VALUES ('BCDFE873-AF4A-4C8B-8E92-8EAFF988DC31', 'Junaid Jamshed (J.)');
INSERT INTO INV.Brands (BrandId, BrandName) VALUES ('8E1957C4-EC92-4073-9D9F-5B5A99C93251', 'Nishat Linen');
INSERT INTO INV.Brands (BrandId, BrandName) VALUES ('007464BD-BCC3-4461-969F-56F6709D2700', 'Outfitters');
INSERT INTO INV.Brands (BrandId, BrandName) VALUES ('A80ACEC9-2314-4DC0-9028-64163EF1EDD1', 'Generation');
INSERT INTO INV.Brands (BrandId, BrandName) VALUES ('A9F3A876-45F0-40F7-BA65-C247A644E013', 'Servis');
INSERT INTO INV.Brands (BrandId, BrandName) VALUES ('4B657BEB-9EFD-4573-954F-0E822F68ECBD', 'Bata Pakistan');
INSERT INTO INV.Brands (BrandId, BrandName) VALUES ('04CB3F35-9BDE-4D80-B023-B4C48D698919', 'Borjan');
INSERT INTO INV.Brands (BrandId, BrandName) VALUES ('9FA4A578-8727-4197-9F03-3A126FFEE08D', 'Stylo');
INSERT INTO INV.Brands (BrandId, BrandName) VALUES ('7E07A76F-F3D8-4B0C-B0FD-828E4D2141BF', 'Hush Puppies Pakistan');
INSERT INTO INV.Brands (BrandId, BrandName) VALUES ('6039A39F-9DA9-4031-A7CA-9E220BA0D01F', 'Service Tyres');
INSERT INTO INV.Brands (BrandId, BrandName) VALUES ('4EC26A43-C3AF-4631-AD56-BF51830E30B9', 'Murree Brewery');
INSERT INTO INV.Brands (BrandId, BrandName) VALUES ('2EE70989-C824-4C45-BBB2-EF91ECDDA6A4', 'Pakola');
INSERT INTO INV.Brands (BrandId, BrandName) VALUES ('2B6D9C3B-5668-4B26-A2DC-EFD37208F7CD', 'Cola Next');
INSERT INTO INV.Brands (BrandId, BrandName) VALUES ('1EAF3D82-09C3-4EFE-8185-3E118C0BCE55', 'Gourmet Foods');
INSERT INTO INV.Brands (BrandId, BrandName) VALUES ('E7C29EE2-23D1-465D-9325-F1A026C6B476', 'Shan Foods');
INSERT INTO INV.Brands (BrandId, BrandName) VALUES ('963F9852-6B80-4263-8FE6-ABC2CEC425C7', 'National Foods');
INSERT INTO INV.Brands (BrandId, BrandName) VALUES ('B728B4DE-E61E-46D7-9FF6-2FABB93DEECD', 'Tapal Tea');
INSERT INTO INV.Brands (BrandId, BrandName) VALUES ('6DC1798D-1AD5-4554-BADD-0C41B6CAD22A', 'Dalda');
INSERT INTO INV.Brands (BrandId, BrandName) VALUES ('CF534DD1-B132-46C5-8CBA-5B16D95C0D50', 'Meezan Oil');
INSERT INTO INV.Brands (BrandId, BrandName) VALUES ('B3E9327B-6EC9-47A9-9F75-9C0CC137ADAD', 'Habib Oil Mills');
INSERT INTO INV.Brands (BrandId, BrandName) VALUES ('7E19DE24-496A-427A-BAAC-9285E7512581', 'Engro Foods');
INSERT INTO INV.Brands (BrandId, BrandName) VALUES ('FDE4D9A4-F3DA-4C69-9FB4-C9B31405F989', 'Nurpur');
INSERT INTO INV.Brands (BrandId, BrandName) VALUES ('6F9F0A1C-FCA2-41CB-A640-C7BC39DE515E', 'Olper’s');
INSERT INTO INV.Brands (BrandId, BrandName) VALUES ('B881EC92-0EC8-423E-857D-01B02C324A83', 'Dayfresh');
INSERT INTO INV.Brands (BrandId, BrandName) VALUES ('256ADAF4-1BC4-4582-A523-659940644974', 'Dawlance');
INSERT INTO INV.Brands (BrandId, BrandName) VALUES ('39921625-E49F-4640-A76A-7BFFA2FFB71D', 'PEL');
INSERT INTO INV.Brands (BrandId, BrandName) VALUES ('A8338BBC-CBF2-4C52-AD63-4A9436509BC6', 'Haier Pakistan');
INSERT INTO INV.Brands (BrandId, BrandName) VALUES ('6F25A837-94CF-4ED6-BCE3-A8C050589854', 'Orient');
INSERT INTO INV.Brands (BrandId, BrandName) VALUES ('B8C0D89E-A371-4BC3-AF58-0D1309AACD26', 'Kenwood Pakistan');
INSERT INTO INV.Brands (BrandId, BrandName) VALUES ('FE409AC6-9920-47CB-89A3-C39164E91C1F', 'Brighto Paints');
INSERT INTO INV.Brands (BrandId, BrandName) VALUES ('3A71211F-1D55-4844-B885-2A13563DD457', 'Berger Paints Pakistan');
INSERT INTO INV.Brands (BrandId, BrandName) VALUES ('BCF0FC76-0F9D-448A-8B72-5131C0958EF9', 'Imtiaz Super Market');
INSERT INTO INV.Brands (BrandId, BrandName) VALUES ('40C9649A-A5E2-4034-B73B-AD160A6F0A2F', 'Chase Up');
INSERT INTO INV.Brands (BrandId, BrandName) VALUES ('C99A441A-17B8-444C-B5B1-E35D705A9761', 'Metro Cash & Carry Pakistan');
INSERT INTO INV.Brands (BrandId, BrandName) VALUES ('683610A3-1DA8-4F7D-B72B-670390C2EDCA', 'Chase Value Centre');
INSERT INTO INV.Brands (BrandId, BrandName) VALUES ('BDF56884-4E85-4F7C-898E-720B2D7889B1', 'ChenOne');
INSERT INTO INV.Brands (BrandId, BrandName) VALUES ('EA57B5C3-E582-4D1C-ADC8-DB6A477A7DBC', 'Pepsi');
INSERT INTO INV.Brands (BrandId, BrandName) VALUES ('FB90CE70-6F11-48E3-B2EF-9A2F428C20D1', 'Coca-Cola');
INSERT INTO INV.Brands (BrandId, BrandName) VALUES ('C8F4BF40-7677-4920-A869-A53ED1902D21', 'Nestlé');
INSERT INTO INV.Brands (BrandId, BrandName) VALUES ('99380E99-F046-4755-9E60-66EBA04B8D50', 'Unilever');
INSERT INTO INV.Brands (BrandId, BrandName) VALUES ('8A8C863E-7658-42DC-A0A1-4F1A6471199B', 'Procter & Gamble (P&G)');
INSERT INTO INV.Brands (BrandId, BrandName) VALUES ('E65CA18D-475E-4B9E-957F-D886BF20AE9D', 'Colgate-Palmolive');
INSERT INTO INV.Brands (BrandId, BrandName) VALUES ('3A0A968B-93EC-4C06-8661-441281CE7FE5', 'Mondelez');
INSERT INTO INV.Brands (BrandId, BrandName) VALUES ('36770201-CD2A-416E-8E9C-CCA6C1F4F870', 'Kraft Heinz');
INSERT INTO INV.Brands (BrandId, BrandName) VALUES ('A7D72E93-2211-4EE6-A9C8-CBC0915A62C7', 'L’Oréal');
INSERT INTO INV.Brands (BrandId, BrandName) VALUES ('E67F200C-4003-4839-BD3E-EBAF9E97DBC1', 'Johnson & Johnson');
INSERT INTO INV.Brands (BrandId, BrandName) VALUES ('7E69148A-91AE-499D-BF78-7AAC7EA62065', 'Reckitt');
INSERT INTO INV.Brands (BrandId, BrandName) VALUES ('4C341A0E-6646-4221-9ED6-0A5AED55A7BE', 'Mars');
INSERT INTO INV.Brands (BrandId, BrandName) VALUES ('1C53C35C-C495-4E43-9B23-1480E06A04A7', 'Ferrero');
INSERT INTO INV.Brands (BrandId, BrandName) VALUES ('08109E31-9805-428A-B92C-1FEE42CCC0C5', 'Lay’s');
INSERT INTO INV.Brands (BrandId, BrandName) VALUES ('1EB7B0BC-A311-4EA8-AE8D-DE3F2126A391', 'Kurkure');
INSERT INTO INV.Brands (BrandId, BrandName) VALUES ('60004671-3B48-4E70-AC0E-9B8B2D3870CE', 'Pringles');
INSERT INTO INV.Brands (BrandId, BrandName) VALUES ('49BA3349-CB4B-47CA-87F5-B3EFE20D7A86', 'Red Bull');
INSERT INTO INV.Brands (BrandId, BrandName) VALUES ('36FF17FF-0CB8-418E-A7EE-D966D5C198FC', 'Nescafé');
INSERT INTO INV.Brands (BrandId, BrandName) VALUES ('D627C90E-DD26-4FC5-8C76-69E5FA0ED683', 'Lipton');
INSERT INTO INV.Brands (BrandId, BrandName) VALUES ('3E0098C7-0D81-48D9-9FD3-81C0357BA0D0', 'Brooke Bond');
INSERT INTO INV.Brands (BrandId, BrandName) VALUES ('1371778B-9A2F-4DB4-A001-A4DE9E4253A7', 'Knorr');
INSERT INTO INV.Brands (BrandId, BrandName) VALUES ('09D763EB-CC02-451D-AEE7-B75BA360C268', 'Maggi');
INSERT INTO INV.Brands (BrandId, BrandName) VALUES ('13E7FAB2-5B4F-4BA4-B1A2-B801BDD26EA4', 'Always');
INSERT INTO INV.Brands (BrandId, BrandName) VALUES ('50FDEBE1-8222-4CD2-882F-9E57982BBB8E', 'Pampers');
INSERT INTO INV.Brands (BrandId, BrandName) VALUES ('6615A371-ADF5-4235-8ABD-ADAD54F22109', 'Gillette');
INSERT INTO INV.Brands (BrandId, BrandName) VALUES ('A35A57EA-3BF4-4044-8E4B-02977ABE2DD7', 'Head & Shoulders');
INSERT INTO INV.Brands (BrandId, BrandName) VALUES ('D01AD407-20E2-4E69-9982-1CB9F0DD9E66', 'Pantene');
INSERT INTO INV.Brands (BrandId, BrandName) VALUES ('67982241-1EE2-4832-AD6A-8C5C0E4A087D', 'Sunsilk');
INSERT INTO INV.Brands (BrandId, BrandName) VALUES ('FB1B9421-B9B6-42C8-8831-A60EFE251998', 'Dove');
INSERT INTO INV.Brands (BrandId, BrandName) VALUES ('4CAF3C1E-5947-4EAC-83CD-E2CDF57B9290', 'Lux');
INSERT INTO INV.Brands (BrandId, BrandName) VALUES ('09CD33B4-F715-4BC5-8B9F-7D489CD58862', 'Lifebuoy');
INSERT INTO INV.Brands (BrandId, BrandName) VALUES ('185A2499-FE2B-4645-A57F-74F8066AA687', 'Surf Excel');
INSERT INTO INV.Brands (BrandId, BrandName) VALUES ('E1727C60-529D-4A35-9072-3F7A2646BD2A', 'Ariel');
INSERT INTO INV.Brands (BrandId, BrandName) VALUES ('62CCFE52-2FA5-4ABB-BA8F-7D59A21DFCC9', 'Harpic');
INSERT INTO INV.Brands (BrandId, BrandName) VALUES ('AE1AC835-F591-4E93-BB51-7709F88D4880', 'Veet');
INSERT INTO INV.Brands (BrandId, BrandName) VALUES ('19655311-0B05-497B-8542-9C6565DDA889', 'Strepsils');

UPDATE INV.Brands
SET BrandSlug = LOWER(REPLACE(BrandName, ' ', '')
)
WHERE BrandSlug IS NULL OR BrandSlug = '';
update inv.brands set ModifiedOn=getdate()
update inv.brands set createdon=getdate()
update inv.brands set isdeleted = 0
update inv.brands set isactive =1




INSERT INTO INV.InvoiceSources (SourceName, Description)
VALUES 
(N'POS', N'Point of Sale'),
(N'Online', N'Online Order'),
(N'WebOrder', N'Website Order'),
(N'CallOrder', N'Call-based Order');


INSERT INTO System.TaxSlabs (SlabName, Rate) VALUES
(N'Standard GST 18%', 18.00),
(N'Service Tax 15%', 15.00),
(N'Luxury Tax 20%', 20.00),
(N'Engine <1500cc', 12.00),
(N'Engine 1500-1800cc', 18.00),
(N'Engine >2000cc', 25.00);

INSERT INTO HRM.Persons (Id,FirstName,LastName,IsActive,IsDeleted,CreatedOn)
Values (5,'Walkin','Customer',1,0,GETDATE())



INSERT INTO Setup.PaymentMethods (PaymentMethodId, Name, IsActive, CreatedOn)
VALUES
-- Traditional
(1, 'Cash', 1, GETDATE()),
(2, 'Credit Card', 1, GETDATE()),
(3, 'Debit Card', 1, GETDATE()),
(4, 'Bank Transfer', 1, GETDATE()),
(5, 'Cheque', 1, GETDATE()),
(6, 'Gift Card / Voucher', 1, GETDATE()),

-- Online Payment Gateways
(7, 'PayPal', 1, GETDATE()),
(8, 'Stripe', 1, GETDATE()),
(9, 'Square', 1, GETDATE()),
(10, 'Apple Pay', 1, GETDATE()),
(11, 'Google Pay', 1, GETDATE()),
(12, 'Amazon Pay', 1, GETDATE()),

-- Mobile Wallets
(13, 'Venmo', 1, GETDATE()),
(14, 'Cash App', 1, GETDATE()),
(15, 'WeChat Pay', 1, GETDATE()),
(16, 'Alipay', 1, GETDATE()),

-- Pakistani Wallets
(20, 'Easypaisa', 1, GETDATE()),
(21, 'JazzCash', 1, GETDATE()),
(22, 'UPaisa', 1, GETDATE()),
(23, 'HBL Konnect', 1, GETDATE()),

-- Cryptocurrency
(30, 'Bitcoin', 1, GETDATE()),
(31, 'Ethereum', 1, GETDATE()),
(32, 'USDT (Tether)', 1, GETDATE());



INSERT INTO setup.PaymentStatus (Name, IsActive, CreatedOn)
VALUES
('Paid', 1, GETDATE()),
('Pending', 1, GETDATE()),
('Partially Paid', 1, GETDATE()),
('Refunded', 1, GETDATE()),
('Cancelled', 1, GETDATE()),
('Chargeback', 1, GETDATE()),
('Failed', 1, GETDATE());

INSERT INTO Setup.ShippingType (Name, IsActive, CreatedOn)
VALUES
('Pickup (In-Store)', 1, GETDATE()),
('Home Delivery', 1, GETDATE()),
('Courier Service', 1, GETDATE()),
('Express Delivery', 1, GETDATE()),
('Standard Delivery', 1, GETDATE()),
('No Shipping (Digital/Service)', 1, GETDATE());

INSERT INTO System.NotificationTypes(NotificationTypeId,NotificationTypeName)
Values(1,'New Order'),
(2,'Customer Registration');